Lote;Fecha;Turbidez;Viabilidad;Glucosa g/L;;;;;;
23019;21/03/2023 7:30;17,28;8,33E+06;1,74;;;;;;
23019;21/03/2023 11:00;17,28;1,40E+07;1,97;;;;;;
23019;21/03/2023 14:00;18,4;1,69E+07;1,92;;;;;;
23019;21/03/2023 18:00;19,76;2,47E+07;1,88;;;;;;
23019;22/03/2023 7:00;39,12;1,00E+08;1,57;;;;;;
23019;22/03/2023 11:30;51,12;1,34E+08;1,62;;;;;;
23019;22/03/2023 15:30;62,32;1,38E+08;1,44;;;;;;
23019;22/03/2023 18:30;69,6;1,77E+08;1,08;;;;;;
23019;22/03/2023 21:00;77,44;1,52E+08;0,98;;;;;;
23019;23/03/2023 6:30;91,2;1,85E+08;0,21;;;;;;
23020;21/03/2023 7:30;18,8;7,46E+06;1,75;;;;;;
23020;21/03/2023 11:00;19,6;1,37E+07;1,94;;;;;;
23020;21/03/2023 14:00;20,16;1,77E+07;1,92;;;;;;
23020;21/03/2023 18:00;21,44;2,48E+07;1,94;;;;;;
23020;22/03/2023 7:00;39,52;9,97E+07;1,70;;;;;;
23020;22/03/2023 11:30;52,72;1,37E+08;1,60;;;;;;
23020;22/03/2023 15:30;61,6;4,04E+09;1,43;;;;;;
23020;22/03/2023 18:30;70,16;1,59E+08;1,06;;;;;;
23020;22/03/2023 21:00;74,72;1,57E+08;1,06;;;;;;
23020;23/03/2023 6:30;91,2;1,80E+08;0,31;;;;;;
23021;22/03/2023 7:30;16,16;8,91E+06;1,73;;;;;;
23021;22/03/2023 11:30;16,48;1,12E+07;1,80;;;;;;
23021;22/03/2023 15:30;17,6;1,50E+07;2,04;;;;;;
23021;22/03/2023 18:30;19,2;2,46E+07;1,84;;;;;;
23021;22/03/2023 21:00;19,52;3,57E+07;1,98;;;;;;
23021;23/03/2023 7:30;34;9,15E+07;1,84;;;;;;
23021;23/03/2023 11:30;45,28;1,15E+08;1,62;;;;;;
23021;23/03/2023 14:30;54,24;1,59E+08;1,53;;;;;;
23021;23/03/2023 18:30;64,4;1,54E+08;1,28;;;;;;
23021;23/03/2023 21:00;70,88;1,73E+08;1,18;;;;;;
23021;24/03/2023 6:30;86,4;2,45E+08;0,28;;;;;;
23022;22/03/2023 7:30;18,48;7,85E+06;1,73;;;;;;
23022;22/03/2023 11:30;18,64;1,46E+07;2,02;;;;;;
23022;22/03/2023 15:30;19,84;2,07E+07;2,05;;;;;;
23022;22/03/2023 18:30;20,88;3,14E+07;1,79;;;;;;
23022;22/03/2023 21:00;21,84;4,03E+07;2,01;;;;;;
23022;23/03/2023 7:30;36,16;1,06E+08;1,85;;;;;;
23022;23/03/2023 11:30;47,04;1,48E+08;1,63;;;;;;
23022;23/03/2023 14:00;52,24;1,71E+08;1,70;;;;;;
23022;23/03/2023 18:30;61,84;1,83E+08;1,30;;;;;;
23022;23/03/2023 21:00;65,76;1,72E+08;1,19;;;;;;
23022;24/03/2023 6:30;83,2;2,29E+08;0,37;;;;;;
23023;28/03/2023 8:00;17,12;5,80E+06;1,80;;;;;;
23023;28/03/2023 12:00;17,52;1,12E+07;2,19;;;;;;
23023;28/03/2023 16:00;18,72;1,99E+07;2,15;;;;;;
23023;28/03/2023 20:00;19,84;3,23E+07;2,02;;;;;;
23023;29/03/2023 8:00;32,08;9,89E+07;1,90;;;;;;
23023;29/03/2023 12:00;39,92;1,36E+08;1,78;;;;;;
23023;29/03/2023 16:00;47,6;1,33E+08;1,65;;;;;;
23023;29/03/2023 20:00;55,28;1,14E+08;1,23;;;;;;
23023;30/03/2023 6:15;72,88;1,80E+08;0,69;;;;;;
23023;30/03/2023 7:30;73,2;1,95E+08;0,61;;;;;;
23023;30/03/2023 9:30;74,4;1,33E+08;0,52;;;;;;
23023;30/03/2023 12:00;81,6;2,12E+08;0,46;;;;;;
23024;28/03/2023 8:00;16,56;6,80E+06;1,79;;;;;;
23024;28/03/2023 12:00;16,72;1,25E+07;2,16;;;;;;
23024;28/03/2023 16:00;18,56;1,61E+07;2,12;;;;;;
23024;28/03/2023 20:00;19,6;3,43E+07;2,10;;;;;;
23024;29/03/2023 8:00;32,88;1,13E+08;1,85;;;;;;
23024;29/03/2023 12:00;44,16;1,18E+08;1,78;;;;;;
23024;29/03/2023 16:00;55,2;1,66E+08;1,54;;;;;;
23024;29/03/2023 20:00;65,68;1,85E+08;NaN;;;;;;
23024;30/03/2023 6:15;80,8;1,99E+08;0,48;;;;;;
23024;30/03/2023 7:30;78,96;2,43E+08;0,43;;;;;;
23024;30/03/2023 9:30;77,12;1,61E+08;0,44;;;;;;
23025;29/03/2023 7:30;17,2;6,27E+06;1,97;;;;;;
23025;29/03/2023 11:30;18,96;8,96E+06;1,94;;;;;;
23025;29/03/2023 15:30;19,6;1,89E+07;1,87;;;;;;
23025;29/03/2023 19:30;21,28;2,77E+07;1,80;;;;;;
23025;30/03/2023 8:00;37,12;9,81E+07;1,64;;;;;;
23025;30/03/2023 12:00;51,12;1,14E+08;1,59;;;;;;
23025;30/03/2023 16:00;58,88;1,65E+08;1,54;;;;;;
23025;30/03/2023 20:00;69,52;1,76E+08;1,16;;;;;;
23025;31/03/2023 6:15;84;2,03E+08;0,34;;;;;;
23025;31/03/2023 7:30;87,2;1,99E+08;0,21;;;;;;
23026;29/03/2023 7:30;18;5,31E+06;1,83;;;;;;
23026;29/03/2023 11:30;18,8;9,04E+06;2,11;;;;;;
23026;29/03/2023 15:30;19,2;1,67E+07;1,78;;;;;;
23026;29/03/2023 19:30;20,64;2,57E+07;1,84;;;;;;
23026;30/03/2023 8:00;33,2;9,89E+07;1,66;;;;;;
23026;30/03/2023 12:00;48,64;1,03E+08;1,72;;;;;;
23026;30/03/2023 16:00;54,08;1,22E+08;1,60;;;;;;
23026;30/03/2023 20:00;65,2;1,64E+08;1,37;;;;;;
23026;31/03/2023 6:15;79,6;2,05E+08;0,57;;;;;;
23026;31/03/2023 7:30;81,2;2,06E+08;0,41;;;;;;
23027;04/04/2023 10:30;16,88;5,53E+06;1,68;;;;;;
23027;04/04/2023 14:30;17,12;6,23E+06;1,90;;;;;;
23027;04/04/2023 18:30;17,088;1,20E+07;1,75;;;;;;
23027;05/04/2023 7:00;22,08;4,78E+07;NaN;;;;;;
23027;05/04/2023 11:00;26,56;6,78E+07;NaN;;;;;;
23027;05/04/2023 15:00;31,68;9,95E+07;NaN;;;;;;
23027;05/04/2023 19:00;40,4;1,31E+08;NaN;;;;;;
23027;06/04/2023 7:00;59,04;1,74E+08;NaN;;;;;;
23027;06/04/2023 10:00;66,08;2,18E+08;NaN;;;;;;
23027;06/04/2023 12:00;68,08;1,95E+08;0,84;;;;;;
23028;04/04/2023 10:30;18,56;5,15E+06;1,25;;;;;;
23028;04/04/2023 14:30;18,56;7,10E+06;1,86;;;;;;
23028;04/04/2023 18:30;18,88;1,12E+07;1,87;;;;;;
23028;05/04/2023 7:00;23,84;4,89E+07;NaN;;;;;;
23028;05/04/2023 11:00;28,08;6,97E+07;NaN;;;;;;
23028;05/04/2023 15:00;32,56;9,23E+07;NaN;;;;;;
23028;05/04/2023 19:00;40,32;1,39E+08;NaN;;;;;;
23028;06/04/2023 7:00;62,88;2,08E+08;NaN;;;;;;
23028;06/04/2023 10:00;65,52;1,99E+08;NaN;;;;;;
23028;06/04/2023 12:00;67,2;1,76E+08;0,91;;;;;;
23029;18/04/2023 8:00;16,96;5,55E+06;1,90;;;;;;
23029;18/04/2023 12:00;17,36;1,09E+07;NaN;;;;;;
23029;18/04/2023 16:00;18,4;1,51E+07;NaN;;;;;;
23029;18/04/2023 20:00;20,16;2,53E+07;NaN;;;;;;
23029;19/04/2023 6:00;32,56;9,17E+07;NaN;;;;;;
23029;19/04/2023 10:30;41,76;1,15E+08;NaN;;;;;;
23029;19/04/2023 14:30;53,84;1,43E+07;NaN;;;;;;
23029;19/04/2023 18:30;67,84;1,54E+08;NaN;;;;;;
23029;20/04/2023 6:00;85,6;2,00E+08;NaN;;;;;;
23029;20/04/2023 7:30;85,6;2,63E+08;0,22;;;;;;
23030;18/04/2023 8:00;19,36;5,44E+06;1,90;;;;;;
23030;18/04/2023 12:00;19,68;1,07E+07;NaN;;;;;;
23030;18/04/2023 16:00;20,48;1,48E+07;NaN;;;;;;
23030;18/04/2023 20:00;22,16;2,83E+07;NaN;;;;;;
23030;19/04/2023 6:00;34,24;8,27E+07;NaN;;;;;;
23030;19/04/2023 10:30;42,72;1,24E+08;NaN;;;;;;
23030;19/04/2023 14:30;53,36;1,29E+08;NaN;;;;;;
23030;19/04/2023 18:30;65,04;1,51E+08;NaN;;;;;;
23030;20/04/2023 6:00;81,6;1,74E+08;NaN;;;;;;
23030;20/04/2023 7:30;75,92;1,79E+08;0,09;;;;;;
23031;18/04/2023 8:00;18,64;5,34E+06;1,90;;;;;;
23031;18/04/2023 12:00;19,12;9,60E+06;NaN;;;;;;
23031;18/04/2023 16:00;19,92;1,53E+07;NaN;;;;;;
23031;18/04/2023 20:00;21,6;1,78E+07;NaN;;;;;;
23031;19/04/2023 6:00;33,04;7,30E+07;NaN;;;;;;
23031;19/04/2023 10:30;40,08;8,83E+07;NaN;;;;;;
23031;19/04/2023 14:30;52,32;1,25E+08;NaN;;;;;;
23031;19/04/2023 18:30;64,56;1,49E+08;NaN;;;;;;
23031;20/04/2023 6:00;85,6;1,91E+08;NaN;;;;;;
23031;20/04/2023 7:30;84;9,73E+07;0,34;;;;;;
23032;18/04/2023 8:00;18,88;5,44E+06;1,90;;;;;;
23032;18/04/2023 12:00;18,24;1,07E+07;NaN;;;;;;
23032;18/04/2023 16:00;19,76;1,61E+07;NaN;;;;;;
23032;18/04/2023 20:00;21,52;2,51E+07;NaN;;;;;;
23032;19/04/2023 6:00;33,04;8,13E+07;NaN;;;;;;
23032;19/04/2023 10:30;41,6;1,15E+08;NaN;;;;;;
23032;19/04/2023 14:30;51,44;1,06E+08;NaN;;;;;;
23032;19/04/2023 18:30;63,76;1,28E+08;NaN;;;;;;
23032;20/04/2023 6:00;78,4;1,83E+08;NaN;;;;;;
23032;20/04/2023 7:30;75,68;1,96E+08;0,40;;;;;;
23033;25/04/2023 13:00;17,84;5,71E+06;1,90;;;;;;
23033;25/04/2023 17:00;18,64;8,91E+06;NaN;;;;;;
23033;25/04/2023 21:00;19,28;1,45E+07;NaN;;;;;;
23033;26/04/2023 7:00;23,76;4,50E+07;NaN;;;;;;
23033;26/04/2023 11:00;28,32;7,67E+07;1,90;;;;;;
23033;26/04/2023 15:00;34,32;8,80E+07;1,91;;;;;;
23033;26/04/2023 19:00;42,08;1,18E+08;1,85;;;;;;
23033;27/04/2023 6:00;56,88;1,99E+08;1,35;;;;;;
23033;27/04/2023 8:00;57,84;2,01E+08;1,24;;;;;;
23033;27/04/2023 9:00;66,96;2,51E+08;1,03;;;;;;
23033;27/04/2023 11:45;69,52;2,44E+08;0,95;;;;;;
23033;27/04/2023 12:50;72,48;2,27E+08;0,86;;;;;;
23034;25/04/2023 13:00;16,32;5,52E+06;NaN;;;;;;
23034;25/04/2023 17:00;17,2;7,78E+06;NaN;;;;;;
23034;25/04/2023 21:00;17,36;1,35E+07;NaN;;;;;;
23034;26/04/2023 7:00;21,12;4,21E+07;NaN;;;;;;
23034;26/04/2023 11:00;24,88;7,31E+07;2,02;;;;;;
23034;26/04/2023 15:00;29,68;9,95E+07;1,87;;;;;;
23034;26/04/2023 19:00;38,56;1,04E+08;1,84;;;;;;
23034;27/04/2023 6:00;56,96;1,92E+08;1,35;;;;;;
23034;27/04/2023 8:00;60,8;1,81E+08;1,25;;;;;;
23034;27/04/2023 9:00;62,48;1,87E+08;1,11;;;;;;
23034;27/04/2023 11:45;67,36;2,27E+08;1,11;;;;;;
23034;27/04/2023 12:50;69,12;1,97E+08;0,88;;;;;;
23035;25/04/2023 8:00;17,76;4,24E+06;NaN;;;;;;
23035;25/04/2023 12:00;17,76;6,23E+06;NaN;;;;;;
23035;25/04/2023 16:00;18,32;9,92E+06;NaN;;;;;;
23035;25/04/2023 20:00;18,8;2,19E+07;NaN;;;;;;
23035;26/04/2023 7:00;24,16;5,13E+07;NaN;;;;;;
23035;26/04/2023 11:00;29,12;9,23E+07;1,86;;;;;;
23035;26/04/2023 15:00;34,4;1,35E+08;2,02;;;;;;
23035;26/04/2023 19:00;42,88;1,36E+08;1,59;;;;;;
23035;27/04/2023 6:00;63,12;1,85E+08;1,23;;;;;;
23035;27/04/2023 8:00;66,4;1,77E+08;1,14;;;;;;
23035;27/04/2023 9:00;59,84;1,71E+08;0,63;;;;;;
23035;27/04/2023 9:40;59,76;1,91E+08;0,90;;;;;;
23036;22/05/2023 8:00;16,4;4,85E+06;2,09;;;;;;
23036;22/05/2023 12:00;16,72;8,45E+06;2,14;;;;;;
23036;22/05/2023 16:00;17,2;1,33E+07;2,31;;;;;;
23036;22/05/2023 20:00;18,8;1,31E+07;2,22;;;;;;
23036;23/05/2023 7:30;28,48;7,40E+07;1,96;;;;;;
23036;23/05/2023 11:30;34,24;1,12E+08;1,90;;;;;;
23036;23/05/2023 15:30;42,24;8,37E+07;1,73;;;;;;
23036;23/05/2023 20:00;50,16;1,09E+08;1,56;;;;;;
23036;24/05/2023 6:30;62,08;1,65E+08;1,02;;;;;;
23036;24/05/2023 7:45;62,88;1,89E+08;0,93;;;;;;
23036;24/05/2023 9:00;65,28;1,69E+08;0,90;;;;;;
23036;24/05/2023 11:00;65,92;1,42E+08;0,68;;;;;;
23037;22/05/2023 8:00;17,44;5,15E+06;2,30;;;;;;
23037;22/05/2023 12:00;18,24;8,96E+06;2,37;;;;;;
23037;22/05/2023 16:00;19,52;9,81E+06;2,06;;;;;;
23037;22/05/2023 20:00;19,68;2,28E+07;2,25;;;;;;
23037;23/05/2023 7:30;28,88;7,62E+07;2,24;;;;;;
23037;23/05/2023 11:30;34,08;9,89E+07;2,18;;;;;;
23037;23/05/2023 15:30;39,6;7,66E+07;1,81;;;;;;
23037;23/05/2023 20:00;47,44;1,02E+08;1,72;;;;;;
23037;24/05/2023 6:30;59,68;1,59E+08;1,19;;;;;;
23037;24/05/2023 7:45;59,12;1,54E+08;0,90;;;;;;
23037;24/05/2023 9:00;60,4;7,87E+07;1,12;;;;;;
23037;24/05/2023 9:45;64,24;1,71E+08;1,08;;;;;;
23037;24/05/2023 11:00;63,36;1,44E+08;0,92;;;;;;
23038;23/05/2023 8:00;15,28;7,73E+06;0,53;;;;;;
23038;23/05/2023 12:30;15,52;1,19E+07;0,54;;;;;;
23038;23/05/2023 14:40;NA;NA;0,47;;;;;;
23038;23/05/2023 15:40;16,96;1,54E+07;1,14;;;;;;
23038;23/05/2023 20:00;18,88;2,36E+07;1,59;;;;;;
23038;24/05/2023 7:00;26,88;8,48E+07;1,25;;;;;;
23038;24/05/2023 11:00;34,96;1,17E+08;1,27;;;;;;
23038;24/05/2023 15:00;41,04;9,71E+07;1,18;;;;;;
23038;24/05/2023 19:00;45,2;1,51E+08;0,97;;;;;;
23038;25/05/2023 6:30;58,64;1,58E+08;0,32;;;;;;
23038;25/05/2023 8:00;64,56;1,74E+08;0,62;;;;;;
23038;25/05/2023 9:00;63,92;1,65E+08;0,55;;;;;;
23038;25/05/2023 10:00;65,6;1,72E+08;1,14;;;;;;
23038;25/05/2023 12:30;67,92;1,45E+08;0,87;;;;;;
23039;23/05/2023 8:00;17,84;7,82E+06;2,18;;;;;;
23039;23/05/2023 12:30;17,92;1,03E+07;2,22;;;;;;
23039;23/05/2023 15:40;19,36;1,37E+07;2,35;;;;;;
23039;23/05/2023 20:00;21,2;2,04E+07;2,13;;;;;;
23039;24/05/2023 7:00;29,44;7,79E+07;2,06;;;;;;
23039;24/05/2023 11:00;33,12;1,07E+08;1,72;;;;;;
23039;24/05/2023 15:00;40,96;6,82E+07;1,86;;;;;;
23039;24/05/2023 19:00;46,72;1,11E+08;1,71;;;;;;
23039;25/05/2023 6:30;62,88;1,55E+08;1,19;;;;;;
23039;25/05/2023 8:00;63,12;1,43E+08;0,94;;;;;;
23039;25/05/2023 9:00;62,72;1,49E+08;0,89;;;;;;
23039;25/05/2023 10:00;62,56;1,47E+08;0,98;;;;;;
23039;25/05/2023 12:30;67,2;1,23E+08;0,81;;;;;;
P23213;24/05/2023 15:00;19,6;6,91E+07;2,06;;;;;;
P23213;24/05/2023 19:00;19,92;1,47E+07;2,10;;;;;;
P23213;25/05/2023 6:30;24,8;3,59E+07;1,99;;;;;;
P23213;25/05/2023 12:30;34,24;6,05E+07;1,78;;;;;;
P23213;25/05/2023 16:30;40,64;7,06E+07;1,75;;;;;;
P23213;25/05/2023 20:30;51,28;9,73E+07;1,72;;;;;;
P23213;26/05/2023 6:45;72,24;1,61E+08;0,88;;;;;;
P23213;26/05/2023 7:45;74,4;1,69E+08;0,88;;;;;;
P23213;26/05/2023 10:00;75,44;1,85E+08;0,76;;;;;;
P23213;26/05/2023 11:30;77,44;1,91E+08;0,55;;;;;;
P23213;26/05/2023 13:00;80;1,88E+08;0,47;;;;;;
P23213;26/05/2023 15:00;81,6;1,85E+08;0,36;;;;;;
23040;29/05/2023 7:45;13,92;4,30E+06;1,25;;;;;;
23040;29/05/2023 11:30;13,92;7,57E+06;1,38;;;;;;
23040;29/05/2023 16:00;14,88;1,47E+07;1,44;;;;;;
23040;29/05/2023 20:00;15,68;1,93E+07;1,51;;;;;;
23040;30/05/2023 6:30;24,48;1,07E+08;1,38;;;;;;
23040;30/05/2023 10:30;29,28;1,66E+08;1,42;;;;;;
23040;30/05/2023 11:45;32,32;1,55E+08;1,34;;;;;;
23041;30/05/2023 8:00;15,6;6,85E+06;1,66;;;;;;
23041;30/05/2023 12:00;16,08;1,15E+07;1,65;;;;;;
23041;30/05/2023 16:00;16,88;1,70E+07;1,66;;;;;;
23041;30/05/2023 20:00;18,24;2,39E+07;1,68;;;;;;
23041;31/05/2023 7:20;30,08;9,15E+07;1,65;;;;;;
23041;31/05/2023 11:20;37,84;1,11E+08;1,42;;;;;;
23041;31/05/2023 16:00;48,96;1,50E+08;1,24;;;;;;
23041;31/05/2023 20:00;59,52;1,67E+08;1,08;;;;;;
23041;01/06/2023 6:15;79,36;1,65E+08;0,23;;;;;;
23041;01/06/2023 7:15;79,28;1,97E+08;0,18;;;;;;
23041;01/06/2023 10:00;76,8;2,60E+08;0,00;;;;;;
23042;31/05/2023 7:20;15,28;5,86E+06;2,30;;;;;;
23042;31/05/2023 11:20;15,68;8,48E+06;1,92;;;;;;
23042;31/05/2023 16:00;17,28;1,50E+07;2,24;;;;;;
23042;31/05/2023 20:00;18,72;2,22E+07;2,28;;;;;;
23042;01/06/2023 6:15;28,88;6,57E+07;1,88;;;;;;
23042;01/06/2023 11:30;36,48;1,07E+08;1,82;;;;;;
23042;01/06/2023 16:00;46,72;1,34E+08;1,54;;;;;;
23042;01/06/2023 20:00;57,28;1,32E+08;1,42;;;;;;
23042;02/06/2023 6:30;67,12;2,14E+08;0,75;;;;;;
23042;02/06/2023 7:50;65,12;2,23E+08;0,70;;;;;;
23042;02/06/2023 9:00;64,32;2,15E+08;0,69;;;;;;
23042;02/06/2023 11:00;68,96;2,10E+08;0,51;;;;;;
23044;06/06/2023 13:00;14,88;2,78E+06;2,11;;;;;;
23044;06/06/2023 13:00;15,36;5,20E+06;1,94;;;;;;
23044;06/06/2023 17:00;15,44;5,66E+06;1,96;;;;;;
23044;06/06/2023 21:00;16,08;9,49E+06;1,89;;;;;;
23044;07/06/2023 6:15;18,56;2,42E+07;1,98;;;;;;
23044;07/06/2023 10:45;20,64;3,25E+07;2,10;;;;;;
23044;07/06/2023 15:00;24,48;4,79E+07;1,74;;;;;;
23044;07/06/2023 20:15;31,2;9,01E+07;1,72;;;;;;
23044;08/06/2023 6:30;42,4;1,34E+08;1,42;;;;;;
23044;08/06/2023 8:30;45,36;1,47E+08;1,54;;;;;;
23044;08/06/2023 11:00;50,4;1,51E+08;1,34;;;;;;
23044;08/06/2023 13:00;53,44;1,63E+08;1,36;;;;;;
23044;08/06/2023 13:40;53,84;1,56E+08;1,34;;;;;;
23044;08/06/2023 15:40;56,48;1,30E+08;1,15;;;;;;
23043;12/06/2023 8:00;16,24;4,33E+06;2,34;;;;;;
23043;12/06/2023 12:00;16,4;6,78E+06;2,33;;;;;;
23043;12/06/2023 16:30;17,92;1,13E+07;2,11;;;;;;
23043;12/06/2023 20:30;19,84;1,73E+07;2,02;;;;;;
23043;13/06/2023 7:30;30,48;5,11E+07;2,14;;;;;;
23043;13/06/2023 12:00;37,36;6,83E+07;1,97;;;;;;
23043;13/06/2023 16:00;44,32;7,85E+07;1,58;;;;;;
23043;13/06/2023 20:00;50,72;6,71E+07;1,39;;;;;;
23043;14/06/2023 6:30;57,2;1,77E+08;0,46;;;;;;
23043;14/06/2023 7:30;62,8;1,69E+08;1,04;;;;;;
23043;14/06/2023 8:30;64;1,78E+08;0,94;;;;;;
23043;14/06/2023 9:30;64,8;1,85E+08;0,91;;;;;;
23043;14/06/2023 10:30;64,96;1,88E+08;0,88;;;;;;
23045;12/06/2023 8:00;16,72;4,75E+06;2,14;;;;;;
23045;12/06/2023 12:00;18;7,51E+06;2,28;;;;;;
23045;12/06/2023 16:30;18,08;1,15E+07;2,02;;;;;;
23045;12/06/2023 20:30;20,64;2,03E+07;2,20;;;;;;
23045;13/06/2023 7:30;35,2;6,83E+07;2,02;;;;;;
23045;13/06/2023 12:00;46,32;9,57E+07;1,58;;;;;;
23045;13/06/2023 16:00;54,16;1,14E+08;1,68;;;;;;
23045;13/06/2023 20:00;62,24;1,44E+08;1,47;;;;;;
23045;14/06/2023 6:30;69,44;1,86E+08;0,70;;;;;;
23045;14/06/2023 7:30;70,16;1,74E+08;0,60;;;;;;
23045;14/06/2023 8:30;72,8;1,74E+08;0,55;;;;;;
23046;13/06/2023 8:00;14,08;4,39E+06;2,18;;;;;;
23046;13/06/2023 12:00;14,16;6,82E+06;2,16;;;;;;
23046;13/06/2023 16:00;15,2;1,07E+07;2,06;;;;;;
23046;13/06/2023 20:00;17,04;1,96E+07;1,85;;;;;;
23046;14/06/2023 6:30;28,8;6,92E+07;1,90;;;;;;
23046;14/06/2023 11:40;39,12;1,09E+08;1,95;;;;;;
23046;15/06/2023 6:00;71,6;1,88E+08;0,62;;;;;;
23046;15/06/2023 7:15;70,72;1,90E+08;0,62;;;;;;
23046;15/06/2023 8:15;69,12;2,03E+08;0,58;;;;;;
23046;15/06/2023 9:15;69,68;1,65E+08;0,48;;;;;;
23047;13/06/2023 8:00;18,72;4,31E+06;1,54;;;;;;
23047;13/06/2023 12:00;19,04;6,24E+06;1,91;;;;;;
23047;13/06/2023 16:00;19,6;1,08E+07;1,94;;;;;;
23047;13/06/2023 20:00;22,56;2,05E+07;2,18;;;;;;
23047;14/06/2023 6:30;31,36;6,18E+07;2,03;;;;;;
23047;14/06/2023 11:40;40,88;9,36E+07;1,96;;;;;;
23047;14/06/2023 15:40;50,96;1,08E+08;1,78;;;;;;
23047;14/06/2023 19:40;59,28;1,43E+08;1,52;;;;;;
23047;15/06/2023 6:00;70,56;1,73E+08;0,84;;;;;;
23047;15/06/2023 7:15;71,84;1,69E+08;0,82;;;;;;
23047;15/06/2023 8:15;72,08;1,62E+08;0,74;;;;;;
P23243;14/06/2023 10:40;15,92;1,94E+07;2,18;;;;;;
P23243;14/06/2023 15:00;16,32;2,06E+07;1,93;;;;;;
P23243;14/06/2023 19:00;17,76;2,17E+07;1,97;;;;;;
P23243;15/06/2023 6:15;29,2;6,40E+07;2,09;;;;;;
P23243;15/06/2023 11:00;37,6;9,76E+07;2,10;;;;;;
P23243;15/06/2023 15:00;47,6;1,17E+08;1,82;;;;;;
P23243;15/06/2023 19:00;55,12;1,39E+08;1,46;;;;;;
P23243;16/06/2023 7:00;67,52;2,03E+08;0,68;;;;;;
P23243;16/06/2023 8:00;69,2;2,02E+08;0,61;;;;;;
P23243;16/06/2023 9:00;70,32;2,00E+08;0,54;;;;;;
23048;20/06/2023 8:30;16;5,75E+06;1,82;;;;;;
23048;20/06/2023 12:30;16,4;8,29E+06;2,32;;;;;;
23048;20/06/2023 16:30;17,44;1,30E+07;2,02;;;;;;
23048;20/06/2023 20:30;19,2;1,91E+07;2,07;;;;;;
23048;21/06/2023 7:00;32,4;6,14E+07;1,69;;;;;;
23048;21/06/2023 12:15;41,6;8,99E+07;1,66;;;;;;
23048;21/06/2023 16:15;51,28;1,12E+08;1,42;;;;;;
23048;21/06/2023 20:15;57,6;1,13E+08;1,37;;;;;;
23048;22/06/2023 6:20;63,2;1,70E+08;0,75;;;;;;
23048;22/06/2023 7:20;63,6;1,85E+08;0,44;;;;;;
23048;22/06/2023 8:20;67,04;1,66E+08;0,58;;;;;;
23049;20/06/2023 8:30;14,96;6,40E+06;1,62;;;;;;
23049;20/06/2023 12:30;15,28;8,75E+06;1,96;;;;;;
23049;20/06/2023 16:30;16,4;1,33E+07;1,98;;;;;;
23049;20/06/2023 20:30;18,56;2,18E+07;2,14;;;;;;
23049;21/06/2023 7:00;30,56;5,39E+07;1,64;;;;;;
23049;21/06/2023 12:15;40,88;1,10E+08;1,69;;;;;;
23049;21/06/2023 16:15;51,28;1,12E+08;1,42;;;;;;
23049;21/06/2023 20:15;58,4;1,33E+08;1,42;;;;;;
23049;22/06/2023 6:20;68,64;1,61E+08;0,64;;;;;;
23049;22/06/2023 7:20;67,12;1,70E+08;0,59;;;;;;
23049;22/06/2023 8:20;68,8;1,63E+08;0,57;;;;;;
23050;21/06/2023 8:45;16,16;3,74E+06;1,87;;;;;;
23050;21/06/2023 12:30;16,72;6,13E+06;1,88;;;;;;
23050;21/06/2023 16:30;17,44;1,04E+07;2,14;;;;;;
23050;21/06/2023 20:30;18,8;2,31E+07;2,27;;;;;;
23050;22/06/2023 7:00;29,12;5,18E+07;1,92;;;;;;
23050;22/06/2023 11:00;36,8;5,35E+07;1,82;;;;;;
23050;22/06/2023 15:00;50,4;8,32E+07;1,71;;;;;;
23050;22/06/2023 19:00;57,76;9,44E+07;1,48;;;;;;
23050;23/06/2023 6:15;73,6;1,74E+08;0,80;;;;;;
23050;23/06/2023 7:30;75,28;1,30E+08;0,62;;;;;;
23050;23/06/2023 10:00;74,56;1,91E+08;0,58;;;;;;
23051;21/06/2023 8:45;14,8;3,55E+06;2,14;;;;;;
23051;21/06/2023 12:30;15,12;6,97E+06;2,23;;;;;;
23051;21/06/2023 16:30;16,48;1,19E+07;2,19;;;;;;
23051;21/06/2023 20:30;18,08;1,92E+07;2,09;;;;;;
23051;22/06/2023 7:00;28,4;6,46E+07;1,93;;;;;;
23051;22/06/2023 11:00;35,84;7,38E+07;1,81;;;;;;
23051;22/06/2023 15:00;46,8;1,00E+08;NaN;;;;;;
23051;22/06/2023 19:00;50,56;1,13E+08;1,58;;;;;;
23051;23/06/2023 6:15;51,76;1,95E+08;1,30;;;;;;
23051;23/06/2023 7:30;52,24;1,85E+08;1,16;;;;;;
23051;23/06/2023 8:30;50,56;2,15E+08;1,06;;;;;;
23051;23/06/2023 10:00;50;2,17E+08;1,18;;;;;;
23051;23/06/2023 10:40;49,76;2,11E+08;1,22;;;;;;
23051;23/06/2023 12:20;53,28;2,66E+08;0,98;;;;;;
23052;26/06/2023 8:00;16,48;2,91E+06;1,99;;;;;;
23052;26/06/2023 12:00;16,8;7,51E+06;2,01;;;;;;
23052;26/06/2023 16:00;17,84;1,20E+07;2,02;;;;;;
23052;26/06/2023 20:00;20,24;1,99E+07;1,78;;;;;;
23052;27/06/2023 7:15;35,6;6,75E+07;1,82;;;;;;
23052;27/06/2023 11:30;42,96;8,53E+07;1,82;;;;;;
23052;27/06/2023 15:30;55,12;1,01E+08;1,53;;;;;;
23052;27/06/2023 19:30;62,56;1,20E+08;1,46;;;;;;
23052;28/06/2023 6:15;73,04;1,85E+08;0,71;;;;;;
23052;28/06/2023 7:15;74,4;2,19E+08;0,69;;;;;;
23052;28/06/2023 9:30;72,88;1,89E+08;0,67;;;;;;
23053;26/06/2023 8:00;16,64;4,54E+06;2,10;;;;;;
23053;26/06/2023 12:00;17,04;7,67E+06;2,09;;;;;;
23053;26/06/2023 16:00;17,92;1,00E+07;2,16;;;;;;
23053;26/06/2023 20:00;20,08;2,02E+07;2,17;;;;;;
23053;27/06/2023 7:15;32,48;6,04E+07;1,07;;;;;;
23053;27/06/2023 11:30;39,52;8,11E+07;2,00;;;;;;
23053;27/06/2023 15:30;48,4;9,79E+07;1,54;;;;;;
23053;27/06/2023 19:30;56,8;1,07E+08;1,54;;;;;;
23053;28/06/2023 6:15;67,28;1,60E+08;0,87;;;;;;
23053;28/06/2023 7:15;70,72;1,95E+08;0,63;;;;;;
23053;28/06/2023 9:30;72,64;1,68E+08;0,61;;;;;;
23054;27/06/2023 8:15;17,04;3,99E+06;1,81;;;;;;
23054;27/06/2023 11:30;17,2;6,06E+06;1,81;;;;;;
23054;27/06/2023 15:30;18,08;8,99E+06;1,80;;;;;;
23054;27/06/2023 19:30;20,88;1,49E+08;1,99;;;;;;
23054;28/06/2023 7:00;31,36;4,57E+07;1,98;;;;;;
23054;28/06/2023 11:30;40,72;7,04E+07;1,60;;;;;;
23054;28/06/2023 15:30;50,56;1,13E+08;1,62;;;;;;
23054;28/06/2023 19:30;57,92;1,24E+08;1,54;;;;;;
23054;29/06/2023 6:30;66,88;1,66E+08;0,81;;;;;;
23054;29/06/2023 7:35;65,92;1,66E+08;0,70;;;;;;
23054;29/06/2023 8:15;65,28;1,93E+08;0,72;;;;;;
23055;27/06/2023 8:15;17,12;3,95E+06;1,92;;;;;;
23055;27/06/2023 11:30;17,04;5,64E+06;0,92;;;;;;
23055;27/06/2023 15:30;18,16;9,28E+06;1,84;;;;;;
23055;27/06/2023 19:30;20,08;9,25E+06;1,96;;;;;;
23055;28/06/2023 7:00;29,44;4,15E+07;2,06;;;;;;
23055;28/06/2023 11:30;38;5,14E+07;1,78;;;;;;
23055;28/06/2023 15:30;48,56;7,10E+07;1,74;;;;;;
23055;28/06/2023 19:30;59,68;1,33E+08;1,54;;;;;;
23055;29/06/2023 6:30;76,4;1,63E+08;0,81;;;;;;
23055;29/06/2023 7:35;79,52;1,42E+08;0,69;;;;;;
23055;29/06/2023 8:15;81,6;1,69E+08;0,77;;;;;;
23059;28/06/2023 13:00;21,84;5,19E+06;1,98;;;;;;
23059;28/06/2023 17:00;22;1,53E+07;2,07;;;;;;
23059;28/06/2023 21:00;23,52;8,09E+06;1,98;;;;;;
23059;29/06/2023 7:20;30,88;2,89E+07;2,13;;;;;;
23059;29/06/2023 11:20;39,28;4,04E+07;1,77;;;;;;
23059;29/06/2023 15:20;48,16;8,15E+07;1,59;;;;;;
23059;29/06/2023 19:20;58,48;1,17E+08;1,54;;;;;;
23059;30/06/2023 7:00;76,32;1,91E+08;0,54;;;;;;
23056;03/07/2023 9:00;18,72;7,31E+06;2,06;;;;;;
23056;03/07/2023 13:00;19,2;1,00E+07;1,99;;;;;;
23056;03/07/2023 17:00;20,8;1,43E+07;2,18;;;;;;
23056;03/07/2023 21:00;22,48;2,52E+07;2,07;;;;;;
23056;04/07/2023 8:00;38;4,85E+07;1,94;;;;;;
23056;04/07/2023 12:00;47,92;1,04E+08;1,72;;;;;;
23056;04/07/2023 16:00;57,36;9,89E+07;1,53;;;;;;
23056;04/07/2023 20:00;67,6;9,23E+07;1,18;;;;;;
23056;05/07/2023 6:00;78;1,55E+08;0,60;;;;;;
23056;05/07/2023 8:00;81,6;2,06E+08;0,47;;;;;;
23056;05/07/2023 10:00;89,6;9,12E+07;0,38;;;;;;
23057;03/07/2023 9:00;18,64;7,59E+06;2,06;;;;;;
23057;03/07/2023 13:00;18,16;1,05E+07;1,95;;;;;;
23057;03/07/2023 17:00;20,4;1,64E+07;2,18;;;;;;
23057;03/07/2023 21:00;21,92;2,01E+07;2,14;;;;;;
23057;04/07/2023 8:00;33,44;5,30E+07;2,05;;;;;;
23057;04/07/2023 12:00;42,08;1,01E+08;1,72;;;;;;
23057;04/07/2023 16:00;49,76;8,24E+07;1,56;;;;;;
23057;04/07/2023 20:00;60,96;1,01E+08;1,42;;;;;;
23057;05/07/2023 6:00;71,68;1,48E+08;0,87;;;;;;
23057;05/07/2023 8:00;73,6;1,73E+08;0,74;;;;;;
23057;05/07/2023 9:00;73,2;1,74E+08;0,75;;;;;;
23057;05/07/2023 11:15;73,04;1,42E+08;0,56;;;;;;
23060;04/07/2023 8:00;15,04;4,67E+06;1,98;;;;;;
23060;04/07/2023 12:00;15,68;4,67E+06;2,06;;;;;;
23060;04/07/2023 16:00;16,88;1,15E+07;2,14;;;;;;
23060;04/07/2023 20:00;18,56;1,85E+07;1,98;;;;;;
23060;05/07/2023 6:15;26,96;5,89E+07;1,93;;;;;;
23060;05/07/2023 10:30;32,72;7,64E+07;1,92;;;;;;
23060;05/07/2023 14:15;40,24;9,07E+07;1,79;;;;;;
23060;05/07/2023 18:15;50,48;1,05E+08;1,56;;;;;;
23060;06/07/2023 6:00;70,64;1,68E+08;0,98;;;;;;
23060;06/07/2023 7:00;71,28;1,63E+08;0,90;;;;;;
23060;06/07/2023 8:00;71,76;1,41E+08;0,87;;;;;;
23060;06/07/2023 10:30;74,32;1,67E+08;0,79;;;;;;
23061;04/07/2023 8:00;17,84;5,09E+06;2,03;;;;;;
23061;04/07/2023 12:00;18,4;4,79E+06;2,07;;;;;;
23061;04/07/2023 16:00;19,52;1,29E+07;1,95;;;;;;
23061;04/07/2023 20:00;21,2;2,25E+07;1,87;;;;;;
23061;05/07/2023 6:15;30,96;6,56E+07;2,48;;;;;;
23061;05/07/2023 10:30;39,44;1,00E+08;1,75;;;;;;
23061;05/07/2023 14:15;47,44;9,49E+07;1,54;;;;;;
23061;05/07/2023 18:15;56,4;1,13E+08;1,27;;;;;;
23061;06/07/2023 6:00;73,2;1,39E+08;0,70;;;;;;
23061;06/07/2023 7:00;75,04;1,45E+08;0,68;;;;;;
23061;06/07/2023 8:00;73,36;1,45E+08;0,55;;;;;;
23061;06/07/2023 10:30;75,52;1,58E+08;0,42;;;;;;
P23273;05/07/2023 13:40;20,4;1,18E+07;1,95;;;;;;
P23273;05/07/2023 17:40;20,48;1,17E+07;1,87;;;;;;
P23273;06/07/2023 8:00;28,48;4,05E+07;1,89;;;;;;
P23273;06/07/2023 12:00;32,88;5,51E+07;1,62;;;;;;
P23273;06/07/2023 16:00;42,8;7,17E+07;1,57;;;;;;
P23273;06/07/2023 20:00;50,24;7,38E+07;1,45;;;;;;
P23273;07/07/2023 6:30;66,4;1,65E+08;0,99;;;;;;
P23273;07/07/2023 8:30;67,52;1,73E+08;0,83;;;;;;
P23273;07/07/2023 11:00;69,76;1,69E+08;0,72;;;;;;
P23273;07/07/2023 12:00;70;1,89E+08;0,64;;;;;;
P23273;07/07/2023 14:30;75,12;1,59E+08;0,51;;;;;;
23062;10/07/2023 8:00;16,96;5,42E+06;1,86;;;;;;
23062;10/07/2023 12:00;18,16;6,94E+07;1,01;;;;;;
23062;10/07/2023 16:00;18,88;9,87E+06;2,14;;;;;;
23062;10/07/2023 20:00;19,6;1,35E+07;2,10;;;;;;
23062;11/07/2023 6:45;25,12;4,18E+07;1,96;;;;;;
23062;11/07/2023 11:00;28,64;6,10E+07;1,96;;;;;;
23062;11/07/2023 15:00;36,64;7,28E+07;1,89;;;;;;
23062;11/07/2023 19:00;43,2;6,46E+07;1,77;;;;;;
23062;12/07/2023 6:00;64;1,61E+08;1,30;;;;;;
23062;12/07/2023 7:45;65,36;1,67E+08;1,13;;;;;;
23062;12/07/2023 8:45;66,56;1,66E+08;1,13;;;;;;
23062;12/07/2023 11:15;69,2;1,23E+08;1,02;;;;;;
23063;10/07/2023 8:00;17,6;4,86E+06;1,98;;;;;;
23063;10/07/2023 12:00;18,48;8,25E+06;1,97;;;;;;
23063;10/07/2023 16:00;18,96;9,41E+06;2,02;;;;;;
23063;10/07/2023 20:00;19,84;1,61E+07;2,05;;;;;;
23063;11/07/2023 6:45;26;4,47E+07;1,84;;;;;;
23063;11/07/2023 11:00;30,56;6,58E+07;1,84;;;;;;
23063;11/07/2023 15:00;37,12;7,38E+07;1,74;;;;;;
23063;11/07/2023 19:00;45,04;7,61E+07;1,67;;;;;;
23063;12/07/2023 6:00;60,32;1,41E+08;1,11;;;;;;
23063;12/07/2023 7:45;63,36;1,34E+08;1,06;;;;;;
23063;12/07/2023 8:45;65,04;1,38E+08;1,01;;;;;;
23063;12/07/2023 10:00;66,32;1,70E+08;0,94;;;;;;
23063;12/07/2023 11:15;68,32;1,14E+08;0,90;;;;;;
23063;12/07/2023 13:00;66,24;1,53E+08;0,81;;;;;;
23064;11/07/2023 8:00;16,48;5,51E+06;1,97;;;;;;
23064;11/07/2023 12:00;16,56;9,71E+06;1,94;;;;;;
23064;11/07/2023 16:00;17,68;1,16E+07;2,11;;;;;;
23064;11/07/2023 20:00;18,08;1,79E+07;2,17;;;;;;
23064;12/07/2023 6:30;27,28;4,18E+07;1,96;;;;;;
23064;12/07/2023 10:40;32,8;6,75E+07;1,95;;;;;;
23064;12/07/2023 14:30;45,28;9,23E+07;1,67;;;;;;
23064;12/07/2023 18:30;55,04;1,83E+08;1,43;;;;;;
23064;13/07/2023 6:15;77,6;1,38E+08;0,78;;;;;;
23064;13/07/2023 7:15;80,8;1,73E+08;0,68;;;;;;
23064;13/07/2023 8:00;81,6;1,18E+08;0,61;;;;;;
23064;13/07/2023 10:00;81,6;1,83E+08;0,48;;;;;;
23065;11/07/2023 8:00;18,88;4,74E+06;1,99;;;;;;
23065;11/07/2023 12:00;19,04;9,36E+06;1,86;;;;;;
23065;11/07/2023 16:00;19,92;1,39E+07;1,96;;;;;;
23065;11/07/2023 20:00;21,2;1,59E+07;2,02;;;;;;
23065;12/07/2023 6:30;28,4;5,18E+07;2,01;;;;;;
23065;12/07/2023 10:40;34,72;4,89E+07;1,98;;;;;;
23065;12/07/2023 14:30;42,72;8,50E+07;1,73;;;;;;
23065;12/07/2023 18:30;52,96;1,58E+08;1,60;;;;;;
23065;13/07/2023 6:15;74,8;1,18E+08;0,88;;;;;;
23065;13/07/2023 7:15;75,12;1,37E+08;0,83;;;;;;
23065;13/07/2023 9:00;74,88;1,50E+08;0,68;;;;;;
23065;13/07/2023 11:00;75,04;1,61E+08;0,55;;;;;;
23067;17/07/2023 8:00;18,08;6,87E+06;1,74;;;;;;
23067;17/07/2023 12:00;18,16;1,17E+07;1,94;;;;;;
23067;17/07/2023 16:00;19,2;1,55E+07;1,91;;;;;;
23067;17/07/2023 20:00;19,36;2,74E+07;2,10;;;;;;
23067;18/07/2023 7:00;27,52;8,03E+07;1,82;;;;;;
23067;18/07/2023 11:00;33,52;8,59E+07;1,72;;;;;;
23067;18/07/2023 15:00;40,56;1,22E+08;1,71;;;;;;
23067;18/07/2023 19:00;47,12;2,19E+08;1,35;;;;;;
23067;19/07/2023 6:00;60,48;2,28E+08;0,93;;;;;;
23067;19/07/2023 7:15;60,32;1,44E+08;0,68;;;;;;
23067;19/07/2023 8:30;61,2;1,89E+08;0,83;;;;;;
23067;19/07/2023 9:30;60,72;1,53E+08;0,75;;;;;;
23067;19/07/2023 11:30;60,56;1,55E+08;0,68;;;;;;
23068;18/07/2023 8:10;16,4;7,18E+06;1,81;;;;;;
23068;18/07/2023 12:10;15,44;1,18E+07;2,02;;;;;;
23068;18/07/2023 16:10;16,96;1,80E+07;1,95;;;;;;
23068;18/07/2023 20:10;18,08;2,90E+07;1,98;;;;;;
23068;19/07/2023 6:30;25,68;8,83E+07;2,07;;;;;;
23068;19/07/2023 10:30;32,32;8,39E+07;1,89;;;;;;
23068;19/07/2023 14:30;43,36;8,75E+07;1,68;;;;;;
23068;19/07/2023 18:30;50,08;1,93E+08;1,37;;;;;;
23068;20/07/2023 6:15;69,44;1,96E+08;0,65;;;;;;
23068;20/07/2023 7:15;72,96;1,58E+08;0,73;;;;;;
23068;20/07/2023 9:45;75,68;1,42E+08;0,54;;;;;;
23069;18/07/2023 8:10;17,04;6,83E+06;1,95;;;;;;
23069;18/07/2023 12:10;16,48;1,19E+07;1,81;;;;;;
23069;18/07/2023 16:10;18,24;1,58E+07;1,84;;;;;;
23069;18/07/2023 20:10;19,28;2,25E+07;2,02;;;;;;
23069;19/07/2023 6:30;25,6;8,13E+07;1,95;;;;;;
23069;19/07/2023 10:30;28,88;8,23E+07;1,81;;;;;;
23069;19/07/2023 14:30;39,28;5,70E+07;1,63;;;;;;
23069;19/07/2023 18:30;46,32;1,60E+08;1,54;;;;;;
23069;20/07/2023 6:15;62,96;1,95E+08;0,94;;;;;;
23069;20/07/2023 7:15;63,6;1,53E+08;0,82;;;;;;
23069;20/07/2023 9:45;64,8;1,28E+08;0,70;;;;;;
23066;24/07/2023 9:15;14,64;6,19E+06;1,98;;;;;;
23066;24/07/2023 13:00;15,44;1,11E+07;1,96;;;;;;
23066;24/07/2023 17:00;16,96;2,95E+07;2,14;;;;;;
23066;24/07/2023 21:00;18,56;3,08E+07;1,98;;;;;;
23066;25/07/2023 8:40;35,6;1,24E+08;1,84;;;;;;
23066;25/07/2023 12:00;42,08;1,16E+08;1,58;;;;;;
23066;25/07/2023 16:00;51,52;1,36E+08;1,26;;;;;;
23066;25/07/2023 20:00;57,28;1,21E+08;1,06;;;;;;
23066;26/07/2023 7:00;66;1,73E+08;0,34;;;;;;
23066;26/07/2023 8:10;68,88;1,72E+08;0,26;;;;;;
23066;26/07/2023 10:00;65,36;1,14E+08;0,18;;;;;;
23070;24/07/2023 9:15;17,52;6,09E+06;2,07;;;;;;
23070;24/07/2023 13:00;18,72;1,11E+07;1,98;;;;;;
23070;24/07/2023 17:00;19,76;2,34E+07;1,99;;;;;;
23070;24/07/2023 21:00;21,52;2,53E+07;2,02;;;;;;
23070;25/07/2023 8:40;33,44;8,05E+07;1,78;;;;;;
23070;25/07/2023 12:00;38,8;8,09E+07;1,72;;;;;;
23070;25/07/2023 16:00;48,56;1,03E+08;1,50;;;;;;
23070;25/07/2023 20:00;52,56;1,20E+08;1,24;;;;;;
23070;26/07/2023 7:00;61,92;1,66E+08;0,74;;;;;;
23070;26/07/2023 8:10;62,72;9,12E+07;0,67;;;;;;
23070;26/07/2023 10:00;63,68;1,10E+08;0,52;;;;;;
23071;25/07/2023 7:45;18;5,53E+06;2,04;;;;;;
23071;25/07/2023 11:20;18,32;8,13E+06;1,91;;;;;;
23071;25/07/2023 15:30;19,36;1,38E+07;2,03;;;;;;
23071;25/07/2023 19:30;21,28;1,60E+07;1,87;;;;;;
23071;26/07/2023 7:20;34;7,79E+07;1,83;;;;;;
23071;26/07/2023 11:15;42,32;7,92E+07;1,64;;;;;;
23071;26/07/2023 15:20;51,12;8,07E+07;1,46;;;;;;
23071;26/07/2023 19:20;60,88;1,10E+08;1,21;;;;;;
23071;27/07/2023 6:20;74,88;1,41E+08;0,51;;;;;;
23071;27/07/2023 7:20;77,2;1,74E+08;0,45;;;;;;
23071;27/07/2023 9:45;77,36;1,11E+08;0,26;;;;;;
23072;25/07/2023 7:45;16,64;5,37E+06;2,04;;;;;;
23072;25/07/2023 11:20;17,04;8,90E+06;1,88;;;;;;
23072;25/07/2023 15:30;18,32;1,30E+07;1,90;;;;;;
23072;25/07/2023 19:30;20,32;1,74E+07;1,87;;;;;;
23072;26/07/2023 7:20;31,36;7,89E+07;1,75;;;;;;
23072;26/07/2023 11:15;38,4;7,39E+07;1,65;;;;;;
23072;26/07/2023 15:20;47,28;6,97E+07;1,57;;;;;;
23072;26/07/2023 19:20;54,8;1,10E+08;1,40;;;;;;
23072;27/07/2023 6:20;69,28;1,29E+08;0,63;;;;;;
23072;27/07/2023 7:20;69,04;1,38E+08;0,54;;;;;;
23072;27/07/2023 9:45;69,68;8,03E+07;0,38;;;;;;
23073;31/07/2023 10:00;17,76;6,86E+06;1,97;;;;;;
23073;31/07/2023 14:00;18,32;1,11E+07;1,90;;;;;;
23073;31/07/2023 18:00;19,28;2,76E+07;2,02;;;;;;
23073;01/08/2023 8:15;32,32;6,59E+07;1,70;;;;;;
23073;01/08/2023 12:30;42,72;9,28E+07;1,52;;;;;;
23073;01/08/2023 16:30;50,88;1,82E+08;1,48;;;;;;
23073;01/08/2023 20:30;55,92;1,04E+08;1,23;;;;;;
23073;02/08/2023 7:00;71,6;8,35E+07;0,51;;;;;;
23073;02/08/2023 8:45;70,24;1,48E+08;0,46;;;;;;
23073;02/08/2023 9:45;71,52;1,60E+08;0,40;;;;;;
23073;02/08/2023 11:45;73,84;7,72E+07;0,26;;;;;;
23075;31/07/2023 10:00;17,84;6,99E+06;1,74;;;;;;
23075;31/07/2023 14:00;18,56;1,02E+07;1,78;;;;;;
23075;31/07/2023 18:00;19,6;2,21E+07;1,89;;;;;;
23075;01/08/2023 8:15;35,44;8,56E+07;1,78;;;;;;
23075;01/08/2023 12:30;39,2;7,90E+07;1,54;;;;;;
23075;01/08/2023 16:30;46,24;1,55E+08;1,43;;;;;;
23075;01/08/2023 20:30;53,28;7,57E+07;1,12;;;;;;
23075;02/08/2023 7:00;68,64;1,13E+08;0,57;;;;;;
23075;02/08/2023 8:45;70,48;1,26E+08;0,50;;;;;;
23075;02/08/2023 9:45;70,64;1,49E+08;0,46;;;;;;
23075;02/08/2023 11:45;75,36;1,05E+08;0,30;;;;;;
23074;01/08/2023 0:00;17,28;5,01E+06;1,99;;;;;;
23074;01/08/2023 12:20;17,84;1,11E+07;2,10;;;;;;
23074;01/08/2023 16:20;19,76;1,78E+07;2,07;;;;;;
23074;01/08/2023 20:20;21,92;2,42E+07;2,27;;;;;;
23074;02/08/2023 7:20;35,12;1,01E+08;2,15;;;;;;
23074;02/08/2023 11:20;40,72;1,12E+08;1,93;;;;;;
23074;02/08/2023 15:20;47,36;9,63E+07;1,74;;;;;;
23074;02/08/2023 19:20;53,04;1,17E+08;1,61;;;;;;
23074;03/08/2023 6:05;59,44;1,42E+08;1,03;;;;;;
23074;03/08/2023 7:05;59,28;1,69E+08;0,89;;;;;;
23074;03/08/2023 8:40;60,08;1,84E+08;0,70;;;;;;
23074;03/08/2023 10:45;59,68;1,35E+08;0,54;;;;;;
23076;01/08/2023 8:00;17,92;5,78E+06;1,83;;;;;;
23076;01/08/2023 12:20;18,4;7,99E+06;1,78;;;;;;
23076;01/08/2023 16:20;20,08;1,94E+07;2,00;;;;;;
23076;01/08/2023 20:20;21,44;1,75E+07;1,92;;;;;;
23076;02/08/2023 7:20;31,28;5,69E+07;1,78;;;;;;
23076;02/08/2023 11:20;41,04;7,32E+07;1,78;;;;;;
23076;02/08/2023 15:20;51,12;7,47E+07;1,62;;;;;;
23076;02/08/2023 19:20;58,16;9,81E+07;1,33;;;;;;
23076;03/08/2023 6:05;73,76;1,29E+08;0,74;;;;;;
23076;03/08/2023 7:05;77,2;1,76E+08;0,66;;;;;;
23076;03/08/2023 9:20;77,36;1,40E+08;0,58;;;;;;
23077;04/09/2023 12:15;26,24;4,51E+06;2,104;;;;;;
23077;04/09/2023 16:15;18,96;1,00E+07;1,784;;;;;;
23077;04/09/2023 20:00;20,24;2,04E+07;2,032;;;;;;
23077;05/09/2023 6:45;28,48;5,73E+07;2,072;;;;;;
23077;05/09/2023 11:00;35,12;6,61E+07;1,824;;;;;;
23077;05/09/2023 14:45;42,8;8,44E+07;1,968;;;;;;
23077;05/09/2023 18:45;49,36;1,38E+08;1,896;;;;;;
23077;06/09/2023 6:20;66,72;1,20E+08;1,16;;;;;;
23077;06/09/2023 7:40;67,36;1,29E+08;0,856;;;;;;
23077;06/09/2023 10:00;67,76;1,38E+08;0,848;;;;;;
23077;06/09/2023 11:00;67,92;1,55E+08;0,76;;;;;;
23077;06/09/2023 11:45;70,96;1,58E+08;0,752;;;;;;
23077;06/09/2023 13:00;70,56;1,65E+08;0,76;;;;;;
23078;04/09/2023 8:10;18;6,68E+06;1,944;;;;;;
23078;04/09/2023 12:00;18,64;1,09E+07;2,216;;;;;;
23078;04/09/2023 16:00;20,32;1,11E+07;1,568;;;;;;
23078;04/09/2023 20:00;21,2;2,28E+07;2,048;;;;;;
23078;05/09/2023 6:45;29,84;7,18E+07;1,232;;;;;;
23078;05/09/2023 11:00;36,32;7,06E+07;1,728;;;;;;
23078;05/09/2023 14:45;43,92;7,80E+07;1,736;;;;;;
23078;05/09/2023 18:45;4,96;1,17E+08;1,504;;;;;;
23078;06/09/2023 6:20;69,04;8,85E+07;0,808;;;;;;
23078;06/09/2023 7:40;70,56;1,06E+08;0,68;;;;;;
23078;06/09/2023 9:00;73,2;1,47E+08;0,656;;;;;;
23078;06/09/2023 11:00;76,4;1,66E+08;0,568;;;;;;
23079;05/09/2023 8:30;18,64;5,28E+06;1,88;;;;;;
23079;05/09/2023 12:30;19,92;6,93E+06;1,88;;;;;;
23079;05/09/2023 16:30;20,72;1,49E+07;2,144;;;;;;
23079;05/09/2023 20:30;22,32;2,39E+07;2,024;;;;;;
23079;06/09/2023 6:45;31,6;5,36E+07;1,64;;;;;;
23079;06/09/2023 10:45;36,88;6,25E+07;1,624;;;;;;
23079;06/09/2023 14:45;46,32;7,41E+07;1,456;;;;;;
23079;06/09/2023 18:45;54,24;1,31E+08;1,24;;;;;;
23079;07/09/2023 6:30;74,24;1,31E+08;0,632;;;;;;
23079;07/09/2023 7:40;79,92;1,16E+08;0,576;;;;;;
23079;07/09/2023 9:00;84,8;1,46E+08;0,56;;;;;;
23079;07/09/2023 10:35;81,6;1,33E+08;NaN;;;;;;
23080;05/09/2023 8:30;18,8;5,33E+06;1,944;;;;;;
23080;05/09/2023 12:30;19,2;8,17E+06;1,52;;;;;;
23080;05/09/2023 16:30;20,08;1,44E+07;2,016;;;;;;
23080;05/09/2023 20:30;21,68;2,23E+07;2,136;;;;;;
23080;06/09/2023 6:45;31,04;5,25E+07;1,616;;;;;;
23080;06/09/2023 10:45;37,76;6,72E+07;1,776;;;;;;
23080;06/09/2023 14:45;48,16;8,32E+07;1,424;;;;;;
23080;06/09/2023 18:45;58;5,93E+07;1,192;;;;;;
23080;07/09/2023 6:30;77,04;1,30E+08;0,56;;;;;;
23080;07/09/2023 7:40;83,2;1,30E+08;0,568;;;;;;
23080;07/09/2023 10:00;82,4;1,26E+08;0,56;;;;;;
P23363;06/09/2023 14:45;21,6;5,50E+06;1,512;;;;;;
P23363;06/09/2023 18:45;21,68;1,39E+07;1,648;;;;;;
P23363;07/09/2023 6:30;28,08;3,34E+07;1,64;;;;;;
P23363;07/09/2023 10:30;33,04;5,31E+07;1,688;;;;;;
P23363;07/09/2023 14:30;39,92;5,02E+07;1,48;;;;;;
P23363;07/09/2023 18:30;48,56;6,84E+07;1,56;;;;;;
P23363;08/09/2023 8:00;74,16;1,15E+08;0,768;;;;;;
P23363;08/09/2023 10:00;74,4;1,15E+08;0,808;;;;;;
P23363;08/09/2023 11:00;76,08;1,62E+08;0,712;;;;;;
P23363;08/09/2023 12:00;77,92;1,52E+08;0,608;;;;;;
P23363;08/09/2023 13:15;77,12;9,95E+07;0,624;;;;;;
P23363;08/09/2023 15:30;84,8;1,65E+08;0,368;;;;;;
23081;13/09/2023 7:55;18,24;5,41E+06;1,592;;;;;;
23081;13/09/2023 11:55;18,32;8,86E+06;1,376;;;;;;
23081;13/09/2023 15:55;19,28;1,05E+07;1,576;;;;;;
23081;13/09/2023 19:55;20,16;2,46E+07;1,512;;;;;;
23081;14/09/2023 6:45;25,36;5,44E+07;1,304;;;;;;
23081;14/09/2023 10:45;32,08;7,08E+07;1,152;;;;;;
23081;14/09/2023 14:45;33,28;6,94E+07;1,104;;;;;;
23081;14/09/2023 18:45;36,16;7,61E+07;0,984;;;;;;
23081;15/09/2023 6:40;45,6;1,16E+08;0,84;;;;;;
23081;15/09/2023 7:40;49,36;1,04E+08;0,816;;;;;;
23081;15/09/2023 8:40;48,96;1,12E+08;0,808;;;;;;
23081;15/09/2023 9:50;50,72;1,09E+08;0,768;;;;;;
23081;15/09/2023 11:30;50,8;9,92E+07;NaN;;;;;;
23082;13/09/2023 7:55;16,32;3,59E+06;2,208;;;;;;
23082;13/09/2023 11:55;17,04;6,85E+06;1,968;;;;;;
23082;13/09/2023 15:55;18,48;8,67E+06;1,968;;;;;;
23082;13/09/2023 19:55;19,92;1,72E+07;2,144;;;;;;
23082;14/09/2023 6:45;28,56;5,58E+07;1,792;;;;;;
23082;14/09/2023 10:45;39,68;6,29E+07;1,504;;;;;;
23082;14/09/2023 14:45;45,68;4,90E+07;1,456;;;;;;
23082;14/09/2023 18:45;53,36;5,34E+07;1,176;;;;;;
23082;15/09/2023 6:40;52,48;1,28E+08;0,888;;;;;;
23082;15/09/2023 7:40;56,8;1,24E+08;0,96;;;;;;
23082;15/09/2023 8:40;59,76;1,18E+08;0,84;;;;;;
23082;15/09/2023 10:10;59,44;1,29E+08;0,808;;;;;;
23082;15/09/2023 11:10;60,32;1,14E+08;0,76;;;;;;
23082;15/09/2023 12:00;65,04;1,50E+08;0,68;;;;;;
23082;15/09/2023 13:00;67,68;1,55E+08;0,568;;;;;;
23082;15/09/2023 15:00;74,24;9,55E+07;0,448;;;;;;
23083;12/09/2023 8:40;16,96;7,30E+06;1,88;;;;;;
23083;12/09/2023 12:40;17,36;1,33E+07;2,312;;;;;;
23083;12/09/2023 16:40;18,4;1,50E+07;2,136;;;;;;
23083;12/09/2023 20:40;20,08;2,68E+07;2,568;;;;;;
23083;13/09/2023 6:30;28,96;8,10E+07;2,152;;;;;;
23083;13/09/2023 10:30;35,76;8,23E+07;2,248;;;;;;
23083;13/09/2023 14:30;42,08;9,20E+07;1,84;;;;;;
23083;13/09/2023 18:30;48,24;1,64E+08;1,784;;;;;;
23083;14/09/2023 6:30;52,56;1,08E+08;1,408;;;;;;
23083;14/09/2023 7:40;54,16;7,04E+07;1,272;;;;;;
23083;14/09/2023 10:30;53,84;1,03E+08;1,136;;;;;;
23084;12/09/2023 8:40;17,44;5,87E+06;1,768;;;;;;
23084;12/09/2023 12:40;18,08;1,02E+07;2,216;;;;;;
23084;12/09/2023 16:40;18,24;1,29E+07;1,92;;;;;;
23084;12/09/2023 20:40;21,28;2,60E+07;2,224;;;;;;
23084;13/09/2023 6:30;33,12;6,11E+07;1,824;;;;;;
23084;13/09/2023 10:30;41,84;6,69E+07;1,728;;;;;;
23084;13/09/2023 14:30;49,76;7,61E+07;1,512;;;;;;
23084;13/09/2023 18:30;57,84;7,91E+07;1,264;;;;;;
23084;14/09/2023 6:30;73,92;1,42E+08;0,52;;;;;;
23084;14/09/2023 7:40;80,8;9,76E+07;0,416;;;;;;
23084;14/09/2023 9:00;80;1,87E+08;0,336;;;;;;
23084;14/09/2023 10:00;83,2;1,40E+08;0;;;;;;
23084;14/09/2023 14:00;79,44;1,15E+08;0;;;;;;
23085;25/09/2023 9:00;16,32;5,66E+06;2,096;;;;;;
23085;25/09/2023 13:00;16,88;6,22E+06;1,936;;;;;;
23085;25/09/2023 17:00;17,68;1,12E+07;1,944;;;;;;
23085;25/09/2023 21:00;19,68;2,68E+07;1,768;;;;;;
23085;26/09/2023 8:30;32,32;5,64E+07;1,576;;;;;;
23085;26/09/2023 12:30;37,12;8,45E+07;1,688;;;;;;
23085;26/09/2023 16:30;44,32;8,42E+07;1,424;;;;;;
23085;26/09/2023 20:30;51,04;9,23E+07;1,2;;;;;;
23085;27/09/2023 7:10;64,72;1,29E+08;0,824;;;;;;
23085;27/09/2023 8:10;63,28;1,37E+08;0,624;;;;;;
23085;27/09/2023 9:10;64,8;1,59E+08;0,664;;;;;;
23085;27/09/2023 11:15;65,92;1,34E+08;0,552;;;;;;
23085;27/09/2023 13:00;63,76;1,32E+08;0,52;;;;;;
23086;25/09/2023 9:00;16,16;5,31E+06;2,048;;;;;;
23086;25/09/2023 13:00;17,12;1,55E+07;1,712;;;;;;
23086;25/09/2023 17:00;17,92;1,50E+07;1,76;;;;;;
23086;25/09/2023 21:00;18,56;2,67E+07;1,808;;;;;;
23086;26/09/2023 8:30;31,52;4,86E+07;1,72;;;;;;
23086;26/09/2023 12:30;36,08;7,85E+07;1,832;;;;;;
23086;26/09/2023 16:30;43,6;5,99E+07;1,424;;;;;;
23086;26/09/2023 20:30;50,64;9,41E+07;1,312;;;;;;
23086;27/09/2023 7:10;59,92;1,23E+08;0,88;;;;;;
23086;27/09/2023 8:10;63,6;1,42E+08;0,784;;;;;;
23086;27/09/2023 9:10;62,72;1,62E+08;0,792;;;;;;
23086;27/09/2023 10:05;64,24;1,24E+08;0,704;;;;;;
23086;27/09/2023 11:45;67,2;1,23E+08;0,56;;;;;;
23087;26/09/2023 9:45;18,32;6,35E+06;2,248;;;;;;
23087;26/09/2023 13:45;19,36;1,14E+07;2,312;;;;;;
23087;26/09/2023 17:45;21,2;1,90E+07;2,064;;;;;;
23087;27/09/2023 7:30;29,2;5,14E+07;1,816;;;;;;
23087;27/09/2023 11:30;36,32;7,22E+07;1,688;;;;;;
23087;27/09/2023 15:30;48,72;5,45E+07;1,448;;;;;;
23087;27/09/2023 19:30;50,88;7,55E+07;1,248;;;;;;
23087;28/09/2023 8:00;65,6;1,23E+08;0,688;;;;;;
23087;28/09/2023 9:00;69,36;1,40E+08;0,544;;;;;;
23087;28/09/2023 10:00;70,56;1,31E+08;0,432;;;;;;
23087;28/09/2023 12:00;73,28;1,54E+08;0,352;;;;;;
23088;26/09/2023 9:45;18,96;5,31E+06;2,088;;;;;;
23088;26/09/2023 13:45;19,12;9,97E+06;1,944;;;;;;
23088;26/09/2023 17:45;20,32;1,14E+07;1,864;;;;;;
23088;27/09/2023 7:30;36;1,19E+08;1,872;;;;;;
23088;27/09/2023 11:30;42,88;1,15E+08;1,592;;;;;;
23088;27/09/2023 15:30;45,28;6,96E+07;0,448;;;;;;
23088;27/09/2023 19:00;53,76;9,63E+07;0,536;;;;;;
23088;28/09/2023 8:00;72,4;1,27E+08;0,688;;;;;;
23088;28/09/2023 9:00;74,8;1,24E+08;0,52;;;;;;
23088;28/09/2023 10:00;76,64;1,49E+08;0,456;;;;;;
23088;28/09/2023 11:00;77,84;1,58E+08;0,408;;;;;;
23088;28/09/2023 13:10;76,96;8,64E+07;0,312;;;;;;
23089;02/10/2023 8:45;18,32;3,79E+06;2,064;;;;;;
23089;02/10/2023 12:45;18,8;7,33E+06;1,872;;;;;;
23089;02/10/2023 16:45;20,64;7,03E+06;1,888;;;;;;
23089;02/10/2023 20:45;22;2,32E+07;NaN;;;;;;
23089;03/10/2023 7:15;29,92;5,82E+07;1,808;;;;;;
23089;03/10/2023 11:15;35,6;9,73E+07;1,8;;;;;;
23089;03/10/2023 15:15;43,12;9,20E+07;1,456;;;;;;
23089;03/10/2023 19:15;48,8;1,13E+08;1,312;;;;;;
23089;04/10/2023 6:30;58,56;2,14E+08;0,808;;;;;;
23089;04/10/2023 8:00;63,04;1,47E+08;0,672;;;;;;
23089;04/10/2023 11:45;64,08;6,26E+07;0,552;;;;;;
23090;02/10/2023 8:45;17,68;3,55E+06;1,832;;;;;;
23090;02/10/2023 12:45;17,76;7,12E+06;1,992;;;;;;
23090;02/10/2023 16:45;18,88;1,45E+07;2,04;;;;;;
23090;02/10/2023 20:45;20,08;1,61E+07;2,008;;;;;;
23090;03/10/2023 7:15;26,24;4,13E+07;1,848;;;;;;
23090;03/10/2023 11:15;30,24;7,07E+07;1,888;;;;;;
23090;03/10/2023 15:15;36,72;9,31E+07;1,76;;;;;;
23090;03/10/2023 19:15;44,08;1,12E+08;1,616;;;;;;
23090;04/10/2023 6:30;60;1,53E+08;1,08;;;;;;
23090;04/10/2023 8:00;61,04;1,45E+08;0,976;;;;;;
23090;04/10/2023 9:45;60,08;1,41E+08;1,008;;;;;;
23090;04/10/2023 11:45;63,44;1,22E+08;0,744;;;;;;
23091;03/10/2023 8:45;14,56;4,89E+06;1,464;;;;;;
23091;03/10/2023 12:45;15,76;8,77E+06;1,208;;;;;;
23091;03/10/2023 16:45;16,64;1,36E+07;1,416;;;;;;
23091;03/10/2023 20:45;18;2,07E+07;1,288;;;;;;
23091;04/10/2023 7:15;26,48;6,51E+07;1,2;;;;;;
23091;04/10/2023 11:30;36;9,97E+07;1,008;;;;;;
23091;04/10/2023 15:15;44,72;9,57E+07;0,92;;;;;;
23091;04/10/2023 19:40;51,92;1,33E+08;0,672;;;;;;
23091;05/10/2023 6:30;68;8,57E+07;0;;;;;;
23091;05/10/2023 7:30;65,68;1,40E+08;0;;;;;;
23091;05/10/2023 8:30;65,12;1,26E+08;0;;;;;;
23092;03/10/2023 8:45;18,56;4,40E+06;2,368;;;;;;
23092;03/10/2023 12:45;19,12;7,79E+06;2,288;;;;;;
23092;03/10/2023 16:45;21,2;1,26E+07;2,464;;;;;;
23092;03/10/2023 20:45;22,4;1,58E+07;2,232;;;;;;
23092;04/10/2023 7:15;31,12;5,06E+07;2,088;;;;;;
23092;04/10/2023 11:30;37,68;9,52E+07;1,968;;;;;;
23092;04/10/2023 15:15;47,44;8,61E+07;1,592;;;;;;
23092;04/10/2023 19:40;54,08;8,19E+07;1,512;;;;;;
23092;05/10/2023 6:30;69,68;1,06E+08;1,032;;;;;;
23092;05/10/2023 7:30;70,4;1,15E+08;0,936;;;;;;
23092;05/10/2023 8:30;72,16;1,33E+08;0,936;;;;;;
23092;05/10/2023 9:40;74;1,47E+08;0,912;;;;;;
23092;05/10/2023 10:30;74,4;1,62E+08;0,824;;;;;;
23092;05/10/2023 12:15;75,12;1,48E+08;0,728;;;;;;
23093;27/09/2023 15:00;21,84;5,89E+06;1,72;;;;;;
23093;27/09/2023 19:00;21,36;1,17E+07;1,856;;;;;;
23093;28/09/2023 8:00;25,76;2,96E+07;1,992;;;;;;
23093;28/09/2023 12:00;29,52;4,50E+07;1,624;;;;;;
23093;28/09/2023 16:00;33,52;5,61E+07;1,544;;;;;;
23093;28/09/2023 20:00;40,16;7,81E+07;1,52;;;;;;
23093;29/09/2023 8:00;64,48;1,39E+08;1,088;;;;;;
23093;29/09/2023 10:45;71,76;1,31E+08;0,824;;;;;;
23093;29/09/2023 12:45;73,12;1,16E+08;0,728;;;;;;
23093;29/09/2023 13:10;71,36;1,45E+08;0,672;;;;;;
23093;29/09/2023 15:00;74,32;1,09E+08;0,464;;;;;;
23094;09/10/2023 14:00;18,08;3,19E+06;1,68;;;;;;
23094;09/10/2023 18:00;18;5,49E+06;1,784;;;;;;
23094;10/10/2023 7:00;19,12;1,28E+07;2,12;;;;;;
23094;10/10/2023 11:15;20,08;2,00E+07;1,752;;;;;;
23094;10/10/2023 15:15;22,56;2,47E+07;1,736;;;;;;
23094;10/10/2023 19:15;24,48;3,74E+07;1,768;;;;;;
23094;11/10/2023 9:00;38,96;9,09E+07;1,456;;;;;;
23094;11/10/2023 11:00;41,52;9,92E+07;1,384;;;;;;
23094;11/10/2023 12:35;42,8;1,00E+08;1,464;;;;;;
23094;11/10/2023 15:00;46,4;8,88E+07;1,352;;;;;;
23095;09/10/2023 14:00;13,36;3,25E+06;1,616;;;;;;
23095;09/10/2023 18:00;13,04;5,33E+06;1,912;;;;;;
23095;10/10/2023 7:00;14,32;9,63E+06;1,896;;;;;;
23095;10/10/2023 11:15;15,44;1,63E+07;1,744;;;;;;
23095;10/10/2023 15:15;18,48;2,39E+07;1,648;;;;;;
23095;10/10/2023 19:15;21,92;3,93E+07;1,704;;;;;;
23095;11/10/2023 9:00;40,72;9,79E+07;1,472;;;;;;
23095;11/10/2023 11:00;44,8;1,17E+08;1,416;;;;;;
23095;11/10/2023 12:35;44,32;1,19E+08;1,376;;;;;;
23095;11/10/2023 15:15;50,24;1,19E+08;1,24;;;;;;
23096;17/10/2023 10:00;15,12;5,46E+06;1,904;;;;;;
23096;17/10/2023 14:00;15,68;7,81E+06;1,904;;;;;;
23096;17/10/2023 18:00;16,24;1,31E+07;1,888;;;;;;
23096;18/10/2023 6:45;24,56;4,98E+07;1,8;;;;;;
23096;18/10/2023 11:00;31,04;6,17E+07;1,792;;;;;;
23096;18/10/2023 15:00;37,6;8,55E+07;1,624;;;;;;
23096;18/10/2023 19:00;46,4;9,03E+07;1,536;;;;;;
23096;19/10/2023 7:30;63,28;1,18E+08;0,624;;;;;;
23096;19/10/2023 8:30;63,2;1,20E+08;0,736;;;;;;
23096;19/10/2023 9:00;63,28;1,34E+08;0,656;;;;;;
23096;19/10/2023 10:00;62,88;1,42E+08;0,704;;;;;;
23096;19/10/2023 11:00;64,64;1,17E+08;0,608;;;;;;
23097;17/10/2023 10:00;18,72;4,62E+06;1,92;;;;;;
23097;17/10/2023 14:00;18,32;7,00E+06;1,704;;;;;;
23097;17/10/2023 18:00;19,52;1,19E+07;1,928;;;;;;
23097;18/10/2023 6:45;29,04;5,57E+07;1,696;;;;;;
23097;18/10/2023 11:00;36,56;5,70E+07;1,728;;;;;;
23097;18/10/2023 15:00;45,92;8,00E+07;1,568;;;;;;
23097;18/10/2023 19:00;52,88;1,03E+08;1,32;;;;;;
23097;19/10/2023 7:30;66;1,23E+08;0,504;;;;;;
23097;19/10/2023 8:30;67,68;1,07E+08;0,536;;;;;;
23097;19/10/2023 9:00;68,72;1,19E+08;0,528;;;;;;
23097;19/10/2023 11:00;70,48;1,38E+08;0,456;;;;;;
23098;17/10/2023 10:00;16,56;5,16E+06;1,856;;;;;;
23098;17/10/2023 14:00;16,48;6,96E+06;1,896;;;;;;
23098;17/10/2023 18:00;18,08;1,34E+07;1,904;;;;;;
23098;18/10/2023 6:45;24,48;4,36E+07;1,84;;;;;;
23098;18/10/2023 11:00;35,44;7,33E+07;1,72;;;;;;
23098;18/10/2023 15:00;45,28;8,39E+07;1,608;;;;;;
23098;18/10/2023 19:00;53,2;6,86E+07;1,36;;;;;;
23098;19/10/2023 7:30;78;1,05E+08;0,552;;;;;;
23098;19/10/2023 8:30;80,8;8,88E+07;0,52;;;;;;
23098;19/10/2023 9:00;81,04;1,02E+08;0,52;;;;;;
23098;19/10/2023 11:00;83,2;1,14E+08;0,408;;;;;;
23099;23/10/2023 10:20;21,76;4,41E+06;2,056;;;;;;
23099;23/10/2023 14:20;23,6;5,62E+06;1,784;;;;;;
23099;23/10/2023 18:20;23,84;8,83E+06;1,76;;;;;;
23099;24/10/2023 6:40;35,04;6,68E+07;1,632;;;;;;
23099;24/10/2023 10:45;42,72;9,17E+07;1,6;;;;;;
23099;24/10/2023 14:45;49,28;9,01E+07;1,536;;;;;;
23099;24/10/2023 18:45;57,84;9,17E+07;1,328;;;;;;
23099;25/10/2023 7:00;75,68;1,54E+08;0,792;;;;;;
23099;25/10/2023 8:15;74;1,35E+08;0,688;;;;;;
23099;25/10/2023 9:00;73,36;1,95E+08;0,64;;;;;;
23099;25/10/2023 10:30;77,92;1,96E+08;0,496;;;;;;
23099;25/10/2023 12:00;78,8;2,19E+08;0,424;;;;;;
23100;23/10/2023 10:20;22;3,89E+06;NaN;;;;;;
23100;23/10/2023 14:20;22,64;5,68E+06;NaN;;;;;;
23100;23/10/2023 18:20;24,08;7,15E+06;NaN;;;;;;
23100;24/10/2023 6:40;32,32;6,43E+07;NaN;;;;;;
23100;24/10/2023 10:45;37,68;9,52E+07;NaN;;;;;;
23100;24/10/2023 14:45;43,76;8,35E+07;NaN;;;;;;
23100;24/10/2023 18:45;49,6;8,21E+07;NaN;;;;;;
23100;25/10/2023 7:00;69,36;1,40E+08;NaN;;;;;;
23100;25/10/2023 8:15;68,88;1,21E+08;NaN;;;;;;
23100;25/10/2023 9:30;74,48;1,44E+08;NaN;;;;;;
23100;25/10/2023 11:20;70,32;1,73E+08;NaN;;;;;;
23101;24/10/2023 7:45;17,84;4,77E+06;NaN;;;;;;
23101;24/10/2023 11:45;18,64;6,12E+06;NaN;;;;;;
23101;24/10/2023 15:45;19,84;7,98E+06;NaN;;;;;;
23101;24/10/2023 19:45;20,56;7,80E+06;NaN;;;;;;
23101;25/10/2023 6:45;28,32;2,98E+07;NaN;;;;;;
23101;25/10/2023 10:45;34,24;6,41E+07;NaN;;;;;;
23101;25/10/2023 14:45;40,48;7,04E+07;NaN;;;;;;
23101;25/10/2023 20:00;48,08;9,57E+07;NaN;;;;;;
23101;26/10/2023 6:30;69,52;1,69E+08;NaN;;;;;;
23101;26/10/2023 8:00;68,88;1,88E+08;NaN;;;;;;
23101;26/10/2023 10:10;71,36;2,05E+08;NaN;;;;;;
23102;24/10/2023 7:45;19,36;5,15E+06;NaN;;;;;;
23102;24/10/2023 11:45;20,08;7,50E+06;NaN;;;;;;
23102;24/10/2023 15:45;19,92;1,10E+07;NaN;;;;;;
23102;24/10/2023 19:45;22;1,14E+07;NaN;;;;;;
23102;25/10/2023 6:45;31,76;4,38E+07;NaN;;;;;;
23102;25/10/2023 10:45;37,12;9,49E+07;NaN;;;;;;
23102;25/10/2023 14:45;46,72;1,19E+08;NaN;;;;;;
23102;25/10/2023 18:45;54;1,44E+08;NaN;;;;;;
23102;26/10/2023 6:30;78,88;1,74E+08;NaN;;;;;;
23102;26/10/2023 7:10;80;1,83E+08;NaN;;;;;;
23102;26/10/2023 9:30;79,36;2,00E+08;NaN;;;;;;
23103;31/10/2023 10:30;17,04;3,89E+06;NaN;;;;;;
23103;31/10/2023 14:30;17,68;6,13E+06;NaN;;;;;;
23103;31/10/2023 18:30;18,64;1,02E+07;NaN;;;;;;
23103;02/11/2023 7:00;75,28;1,55E+08;NaN;;;;;;
23103;02/11/2023 9:00;76,08;1,80E+08;NaN;;;;;;
23103;02/11/2023 11:15;81,6;1,79E+08;NaN;;;;;;
23104;31/10/2023 10:30;16,4;6,08E+06;NaN;;;;;;
23104;31/10/2023 14:30;16,8;9,07E+05;NaN;;;;;;
23104;31/10/2023 18:30;17,76;1,52E+07;NaN;;;;;;
23104;02/11/2023 7:00;80,8;1,59E+08;NaN;;;;;;
23104;02/11/2023 9:00;81,6;1,81E+08;NaN;;;;;;
23104;02/11/2023 10:45;84,8;1,47E+08;NaN;;;;;;
23105;31/10/2023 10:30;14,88;3,58E+06;NaN;;;;;;
23105;31/10/2023 14:30;15,36;6,05E+06;NaN;;;;;;
23105;31/10/2023 18:30;16,48;1,04E+07;NaN;;;;;;
23105;02/11/2023 7:00;62,8;1,41E+08;NaN;;;;;;
23105;02/11/2023 9:00;84;1,72E+08;NaN;;;;;;
23105;02/11/2023 9:15;84;1,57E+08;NaN;;;;;;
23105;02/11/2023 11:15;87,2;1,84E+08;NaN;;;;;;
23106;25/10/2023 13:30;20,8;8,16E+05;NaN;;;;;;
23106;25/10/2023 17:30;20,08;1,14E+07;NaN;;;;;;
23106;26/10/2023 6:15;25,68;3,90E+07;NaN;;;;;;
23106;26/10/2023 10:15;29,68;6,58E+07;NaN;;;;;;
23106;26/10/2023 14:15;35,92;8,88E+07;NaN;;;;;;
23106;26/10/2023 18:15;43,68;1,08E+08;NaN;;;;;;
23106;27/10/2023 7:30;73,36;1,95E+08;NaN;;;;;;
23106;27/10/2023 9:00;70,24;1,84E+08;NaN;;;;;;
23106;27/10/2023 10:45;71,84;2,13E+08;NaN;;;;;;
23107;25/10/2023 15:00;23,2;8,39E+06;NaN;;;;;;
23107;25/10/2023 19:00;24;1,43E+07;NaN;;;;;;
23107;26/10/2023 6:15;26,88;4,32E+07;NaN;;;;;;
23107;26/10/2023 10:15;29,28;5,90E+07;NaN;;;;;;
23107;26/10/2023 14:15;35,44;7,10E+07;NaN;;;;;;
23107;26/10/2023 18:15;43,52;6,77E+07;NaN;;;;;;
23107;27/10/2023 7:30;69,28;1,52E+08;NaN;;;;;;
23107;27/10/2023 9:00;68,56;1,51E+08;NaN;;;;;;
23107;27/10/2023 10:30;71,04;1,65E+08;NaN;;;;;;
23107;27/10/2023 11:20;71,28;1,63E+08;NaN;;;;;;
23107;27/10/2023 13:30;75,36;1,69E+08;NaN;;;;;;
23108;06/11/2023 9:30;19,44;6,01E+06;NaN;;;;;;
23108;06/11/2023 13:30;19,84;1,01E+07;NaN;;;;;;
23108;06/11/2023 17:30;20,64;1,48E+07;NaN;;;;;;
23108;07/11/2023 7:00;34,56;7,26E+07;NaN;;;;;;
23108;07/11/2023 11:00;40,48;9,23E+07;NaN;;;;;;
23108;07/11/2023 15:00;49,04;1,47E+08;NaN;;;;;;
23108;07/11/2023 19:00;57,36;1,55E+08;NaN;;;;;;
23108;08/11/2023 6:30;72,88;2,27E+08;NaN;;;;;;
23108;08/11/2023 7:30;74,96;2,01E+08;NaN;;;;;;
23108;08/11/2023 9:00;75,6;1,96E+08;NaN;;;;;;
23108;08/11/2023 10:45;71,92;2,15E+08;NaN;;;;;;
23108;08/11/2023 12:40;75,52;2,22E+08;NaN;;;;;;
23109;06/11/2023 9:30;18,48;6,61E+06;NaN;;;;;;
23109;06/11/2023 13:30;18,88;1,09E+07;NaN;;;;;;
23109;06/11/2023 17:30;19,92;1,82E+07;NaN;;;;;;
23109;07/11/2023 7:00;32,08;7,27E+07;NaN;;;;;;
23109;07/11/2023 11:00;39,44;8,93E+07;NaN;;;;;;
23109;07/11/2023 15:00;48,4;1,30E+08;NaN;;;;;;
23109;07/11/2023 19:00;58;1,56E+08;NaN;;;;;;
23109;08/11/2023 6:30;78,24;1,74E+08;NaN;;;;;;
23109;08/11/2023 7:30;78,48;2,02E+08;NaN;;;;;;
23109;08/11/2023 9:50;74,96;2,34E+08;NaN;;;;;;
23109;08/11/2023 11:20;71,68;1,96E+08;NaN;;;;;;
23110;07/11/2023 12:00;17,68;6,04E+06;NaN;;;;;;
23110;07/11/2023 16:00;18;8,09E+06;NaN;;;;;;
23110;07/11/2023 20:00;18,72;1,43E+07;NaN;;;;;;
23110;08/11/2023 6:45;25,68;5,13E+07;NaN;;;;;;
23110;08/11/2023 10:45;29,68;7,85E+07;NaN;;;;;;
23110;08/11/2023 14:45;38,96;8,51E+07;NaN;;;;;;
23110;08/11/2023 18:45;49,68;1,15E+08;NaN;;;;;;
23110;09/11/2023 7:00;74,32;1,93E+08;NaN;;;;;;
23110;09/11/2023 8:00;79,44;1,83E+08;NaN;;;;;;
23110;09/11/2023 9:10;81,6;1,99E+08;NaN;;;;;;
23110;09/11/2023 10:00;80,08;1,95E+08;NaN;;;;;;
23110;09/11/2023 11:15;84;1,77E+08;NaN;;;;;;
23111;07/11/2023 12:00;17,6;5,62E+06;NaN;;;;;;
23111;07/11/2023 16:00;18,4;8,16E+06;NaN;;;;;;
23111;07/11/2023 20:00;19,04;1,14E+07;NaN;;;;;;
23111;08/11/2023 6:45;25,04;4,94E+07;NaN;;;;;;
23111;08/11/2023 10:45;30,24;7,75E+07;NaN;;;;;;
23111;08/11/2023 14:45;39,04;8,99E+06;NaN;;;;;;
23111;08/11/2023 18:45;49,12;8,00E+07;NaN;;;;;;
23111;09/11/2023 7:00;73,36;1,84E+08;NaN;;;;;;
23111;09/11/2023 8:00;74,64;1,79E+08;NaN;;;;;;
23111;09/11/2023 9:10;74,24;1,95E+08;NaN;;;;;;
23111;09/11/2023 11:15;79,36;1,72E+08;NaN;;;;;;
23112;13/11/2023 9:30;18;5,89E+06;NaN;;;;;;
23112;13/11/2023 13:30;18;8,18E+06;NaN;;;;;;
23112;13/11/2023 17:30;19,2;1,62E+07;NaN;;;;;;
23112;14/11/2023 8:00;31,6;7,68E+07;NaN;;;;;;
23112;14/11/2023 12:00;38,72;8,39E+07;NaN;;;;;;
23112;14/11/2023 16:00;51,76;1,15E+08;NaN;;;;;;
23112;14/11/2023 20:00;57,68;8,49E+07;NaN;;;;;;
23112;15/11/2023 6:45;71,68;1,89E+08;NaN;;;;;;
23112;15/11/2023 7:45;75,76;1,80E+08;NaN;;;;;;
23112;15/11/2023 9:45;75,92;1,67E+08;NaN;;;;;;
23112;15/11/2023 11:15;76,16;1,84E+08;NaN;;;;;;
23113;13/11/2023 9:30;17,6;5,92E+06;NaN;;;;;;
23113;13/11/2023 13:30;17,6;9,09E+06;NaN;;;;;;
23113;13/11/2023 17:30;19,28;1,59E+07;NaN;;;;;;
23113;14/11/2023 8:00;31,92;6,85E+07;NaN;;;;;;
23113;14/11/2023 12:00;39,6;7,41E+06;NaN;;;;;;
23113;14/11/2023 16:00;54,64;7,47E+07;NaN;;;;;;
23113;14/11/2023 20:00;60,24;1,07E+08;NaN;;;;;;
23113;15/11/2023 6:45;76,08;1,43E+08;NaN;;;;;;
23113;15/11/2023 7:45;79,2;1,70E+08;NaN;;;;;;
23113;15/11/2023 8:45;78,4;1,92E+08;NaN;;;;;;
23113;15/11/2023 10:35;79,76;2,10E+08;NaN;;;;;;
23113;15/11/2023 12:30;83,2;2,43E+08;NaN;;;;;;
23114;14/11/2023 8:00;15,28;6,70E+06;NaN;;;;;;
23114;14/11/2023 12:00;15,68;7,99E+06;NaN;;;;;;
23114;14/11/2023 16:00;17,2;1,23E+07;NaN;;;;;;
23114;14/11/2023 20:00;18,32;1,92E+07;NaN;;;;;;
23114;15/11/2023 6:45;30,24;7,30E+07;NaN;;;;;;
23114;15/11/2023 10:45;37,44;7,05E+07;NaN;;;;;;
23114;15/11/2023 14:45;49,68;1,15E+08;NaN;;;;;;
23114;15/11/2023 18:45;58,16;1,23E+08;NaN;;;;;;
23114;16/11/2023 6:30;77,76;1,80E+08;NaN;;;;;;
23114;16/11/2023 7:30;78,56;1,27E+08;NaN;;;;;;
23114;16/11/2023 10:00;77,84;2,14E+08;NaN;;;;;;
23115;08/11/2023 17:35;20,56;1,78E+07;NaN;;;;;;
23115;09/11/2023 7:00;24,88;4,42E+07;NaN;;;;;;
23115;09/11/2023 11:00;30,08;7,27E+07;NaN;;;;;;
23115;09/11/2023 15:00;37,52;9,01E+07;NaN;;;;;;
23115;09/11/2023 19:00;47,12;1,01E+08;NaN;;;;;;
23115;10/11/2023 7:00;77,12;1,69E+08;NaN;;;;;;
23115;10/11/2023 8:10;78,96;1,99E+08;NaN;;;;;;
23115;10/11/2023 9:30;80;1,67E+08;NaN;;;;;;
23115;10/11/2023 11:15;78,56;1,86E+08;NaN;;;;;;
23116;08/11/2023 14:45;20,16;1,15E+06;NaN;;;;;;
23116;08/11/2023 18:45;20,32;1,67E+07;NaN;;;;;;
23116;09/11/2023 7:00;25,76;5,29E+07;NaN;;;;;;
23116;09/11/2023 11:00;30,48;7,52E+07;NaN;;;;;;
23116;09/11/2023 15:00;38,72;1,03E+08;NaN;;;;;;
23116;09/11/2023 19:00;47,12;1,14E+08;NaN;;;;;;
23116;10/11/2023 7:00;77,04;1,82E+08;NaN;;;;;;
23116;10/11/2023 8:10;76,64;1,86E+08;NaN;;;;;;
23116;10/11/2023 10:30;79,44;2,29E+08;NaN;;;;;;
P23462;14/11/2023 8:00;13,6;9,52E+06;NaN;;;;;;
P23462;14/11/2023 12:00;14,24;1,09E+07;NaN;;;;;;
P23462;14/11/2023 16:00;15,76;1,47E+07;NaN;;;;;;
P23462;14/11/2023 20:00;17,6;2,22E+07;NaN;;;;;;
P23462;15/11/2023 6:45;31,04;1,01E+08;NaN;;;;;;
P23462;15/11/2023 10:45;40,24;1,24E+08;NaN;;;;;;
P23462;15/11/2023 14:45;51,76;1,96E+08;NaN;;;;;;
P23462;15/11/2023 18:45;60,24;1,80E+08;NaN;;;;;;
P23462;16/11/2023 6:30;72,96;2,14E+08;NaN;;;;;;
P23462;16/11/2023 7:30;73,92;2,01E+08;NaN;;;;;;
P23462;16/11/2023 9:30;72,96;2,19E+08;NaN;;;;;;
23117;14/11/2023 8:00;17,12;5,71E+06;NaN;;;;;;
23117;14/11/2023 12:00;17,76;7,06E+06;NaN;;;;;;
23117;14/11/2023 16:00;21,04;1,01E+07;NaN;;;;;;
23117;14/11/2023 20:00;20,96;2,12E+07;NaN;;;;;;
23117;15/11/2023 6:45;35,92;6,49E+07;NaN;;;;;;
23117;15/11/2023 10:45;46,48;6,00E+07;NaN;;;;;;
23117;15/11/2023 14:45;58;1,10E+08;NaN;;;;;;
23117;15/11/2023 18:45;73,76;1,22E+08;NaN;;;;;;
23117;16/11/2023 6:30;89,6;1,85E+08;NaN;;;;;;
23117;16/11/2023 7:30;90,4;1,98E+08;NaN;;;;;;
23117;16/11/2023 9:30;88,8;2,02E+08;NaN;;;;;;
23122;15/11/2023 13:35;19,44;9,12E+06;NaN;;;;;;
23122;15/11/2023 17:35;19,44;1,30E+07;NaN;;;;;;
23122;16/11/2023 6:45;25,36;5,01E+07;NaN;;;;;;
23122;16/11/2023 10:45;30,32;6,60E+07;NaN;;;;;;
23122;16/11/2023 14:45;41,84;8,51E+07;NaN;;;;;;
23122;16/11/2023 18:45;50,64;1,11E+08;NaN;;;;;;
23122;17/11/2023 6:45;78,8;1,77E+08;NaN;;;;;;
23122;17/11/2023 7:45;81,6;1,95E+08;NaN;;;;;;
23122;17/11/2023 8:45;82,4;1,99E+08;NaN;;;;;;
23122;17/11/2023 10:40;82,4;2,06E+08;NaN;;;;;;
23123;15/11/2023 14:30;17,44;1,01E+07;NaN;;;;;;
23123;15/11/2023 18:30;17,36;1,33E+07;NaN;;;;;;
23123;16/11/2023 6:45;23,2;5,63E+07;NaN;;;;;;
23123;16/11/2023 10:45;28,16;7,36E+07;NaN;;;;;;
23123;16/11/2023 14:45;41,28;9,73E+07;NaN;;;;;;
23123;16/11/2023 18:45;51,92;1,07E+08;NaN;;;;;;
23123;17/11/2023 6:45;80,8;1,79E+08;NaN;;;;;;
23123;17/11/2023 7:45;82,4;1,86E+08;NaN;;;;;;
23123;17/11/2023 8:45;81,6;1,95E+08;NaN;;;;;;
23123;17/11/2023 10:40;82,4;1,92E+08;NaN;;;;;;
23118;20/11/2023 8:30;16,64;6,50E+06;NaN;;;;;;
23118;20/11/2023 12:30;16,96;1,06E+07;NaN;;;;;;
23118;20/11/2023 16:30;18,88;1,54E+07;NaN;;;;;;
23118;20/11/2023 20:30;18,4;2,58E+07;NaN;;;;;;
23118;21/11/2023 8:00;36;9,23E+07;NaN;;;;;;
23118;21/11/2023 12:00;45,36;1,16E+08;NaN;;;;;;
23118;21/11/2023 16:00;55,52;1,20E+08;NaN;;;;;;
23118;21/11/2023 20:00;66,32;1,45E+08;NaN;;;;;;
23118;22/11/2023 6:45;74,56;2,29E+08;NaN;;;;;;
23118;22/11/2023 7:30;76,64;2,50E+08;NaN;;;;;;
23118;22/11/2023 8:20;75,2;2,44E+08;NaN;;;;;;
23118;22/11/2023 10:00;76,56;2,06E+08;NaN;;;;;;
23118;22/11/2023 12:00;75,92;2,47E+08;NaN;;;;;;
23119;20/11/2023 8:30;19,52;6,60E+06;NaN;;;;;;
23119;20/11/2023 12:30;20,4;1,17E+07;NaN;;;;;;
23119;20/11/2023 16:30;21,44;1,73E+07;NaN;;;;;;
23119;20/11/2023 20:30;22,48;2,78E+07;NaN;;;;;;
23119;21/11/2023 8:00;37,84;1,02E+08;NaN;;;;;;
23119;21/11/2023 12:00;44,48;1,25E+08;NaN;;;;;;
23119;21/11/2023 16:00;53,84;1,31E+08;NaN;;;;;;
23119;21/11/2023 20:00;61,28;1,41E+08;NaN;;;;;;
23119;22/11/2023 6:45;73,76;1,81E+08;NaN;;;;;;
23119;22/11/2023 7:30;73,52;1,85E+08;NaN;;;;;;
23119;22/11/2023 10:00;75,52;1,23E+08;NaN;;;;;;
23119;22/11/2023 11:30;74,48;1,85E+08;NaN;;;;;;
23120;21/11/2023 8:20;19,36;5,65E+06;NaN;;;;;;
23120;21/11/2023 12:20;19,28;8,32E+06;NaN;;;;;;
23120;21/11/2023 16:20;20,24;1,50E+07;NaN;;;;;;
23120;21/11/2023 20:20;21,52;2,40E+07;NaN;;;;;;
23120;22/11/2023 7:00;33,52;9,07E+07;NaN;;;;;;
23120;22/11/2023 11:00;41,84;1,01E+08;NaN;;;;;;
23120;22/11/2023 15:00;51,28;1,12E+08;NaN;;;;;;
23120;22/11/2023 19:00;61,84;1,72E+08;NaN;;;;;;
23120;23/11/2023 6:50;85,6;1,68E+08;NaN;;;;;;
23121;21/11/2023 8:20;12,56;8,27E+06;NaN;;;;;;
23121;21/11/2023 12:20;13,44;1,23E+07;NaN;;;;;;
23121;21/11/2023 16:20;13,92;1,60E+07;NaN;;;;;;
23121;21/11/2023 20:20;15,76;2,39E+07;NaN;;;;;;
23121;22/11/2023 7:00;28,4;9,44E+07;NaN;;;;;;
23121;22/11/2023 11:00;36,32;1,17E+08;NaN;;;;;;
23121;22/11/2023 15:00;47,04;1,40E+08;NaN;;;;;;
23121;22/11/2023 19:00;58,96;1,46E+08;NaN;;;;;;
23121;23/11/2023 6:50;83,2;2,24E+08;NaN;;;;;;
23129;23/11/2023 7:00;30,32;6,48E+07;1,136;;;;;;
23129;23/11/2023 11:00;37,68;6,53E+07;1,16;;;;;;
23129;23/11/2023 15:00;44,8;6,90E+07;1,104;;;;;;
23129;23/11/2023 19:00;55,92;1,11E+08;0,92;;;;;;
23129;24/11/2023 6:45;74,72;2,26E+08;0,288;;;;;;
23129;24/11/2023 7:45;75,36;2,35E+08;0,256;;;;;;
23129;24/11/2023 10:00;75,52;1,79E+08;0,184;;;;;;
23130;23/11/2023 7:00;30,32;6,48E+07;1,136;;;;;;
23130;23/11/2023 11:00;34,64;9,09E+07;1,56;;;;;;
23130;23/11/2023 15:00;47,6;1,02E+08;1,616;;;;;;
23130;23/11/2023 19:00;51,84;1,04E+08;1,384;;;;;;
23130;24/11/2023 6:45;72,96;1,93E+08;0,784;;;;;;
23130;24/11/2023 7:45;73,92;1,87E+08;0,76;;;;;;
23130;24/11/2023 8:30;74,08;1,97E+08;0,696;;;;;;
23130;24/11/2023 10:15;75,04;1,70E+08;0,592;;;;;;
23124;27/11/2023 8:00;17,6;5,51E+06;1,664;;;;;;
23124;27/11/2023 12:00;17,52;1,08E+07;1,856;;;;;;
23124;27/11/2023 16:00;18,16;1,48E+07;1,872;;;;;;
23124;27/11/2023 20:00;19,52;2,40E+07;1,832;;;;;;
23124;28/11/2023 7:30;29,12;7,89E+07;1,664;;;;;;
23124;28/11/2023 11:30;36,8;1,12E+08;1,528;;;;;;
23124;28/11/2023 15:30;46,8;1,33E+08;1,408;;;;;;
23124;28/11/2023 19:30;54;1,61E+08;1,176;;;;;;
23124;29/11/2023 6:30;69,2;2,02E+08;0,744;;;;;;
23124;29/11/2023 7:30;70,08;2,13E+08;0,688;;;;;;
23124;29/11/2023 8:30;73,28;2,18E+08;0,616;;;;;;
23124;29/11/2023 10:15;74,48;2,01E+08;0,536;;;;;;
23125;27/11/2023 8:00;19,52;5,20E+06;1,792;;;;;;
23125;27/11/2023 12:00;19,6;8,40E+06;1,8;;;;;;
23125;27/11/2023 16:00;20,32;1,32E+07;1,784;;;;;;
23125;27/11/2023 20:00;21,68;2,08E+07;1,976;;;;;;
23125;29/11/2023 7:30;30,88;6,50E+07;1,616;;;;;;
23125;28/11/2023 11:30;38,4;8,69E+07;1,528;;;;;;
23125;28/11/2023 15:30;48,16;8,90E+07;1,392;;;;;;
23125;28/11/2023 19:30;57,36;1,00E+08;1,296;;;;;;
23125;29/11/2023 6:30;72,88;1,85E+08;0,784;;;;;;
23125;29/11/2023 7:30;73,84;1,90E+08;0,712;;;;;;
23125;29/11/2023 8:30;73,6;1,78E+08;0,616;;;;;;
23125;29/11/2023 10:15;77,44;1,76E+08;0,56;;;;;;
23126;28/11/2023 7:45;15,28;8,06E+06;2,032;;;;;;
23126;28/11/2023 11:45;16,08;1,55E+07;1,944;;;;;;
23126;28/11/2023 15:45;17,36;2,02E+07;1,76;;;;;;
23126;28/11/2023 19:45;18,96;3,30E+07;1,424;;;;;;
23126;29/11/2023 7:00;39,12;1,10E+08;1,648;;;;;;
23126;29/11/2023 11:00;49,04;1,48E+08;1,68;;;;;;
23126;29/11/2023 15:00;62,64;1,65E+08;1,352;;;;;;
23126;29/11/2023 19:00;72,96;1,93E+08;0,304;;;;;;
23126;30/11/2023 6:15;82,4;1,87E+08;0,296;;;;;;
23126;30/11/2023 7:15;79,12;1,89E+08;0,264;;;;;;
23126;30/11/2023 9:45;79,92;1,68E+08;0,2;;;;;;
23127;28/11/2023 7:45;14,48;9,39E+06;1,864;;;;;;
23127;28/11/2023 11:45;15,12;1,45E+07;1,856;;;;;;
23127;28/11/2023 15:45;16,8;2,19E+07;1,832;;;;;;
23127;28/11/2023 19:45;18,56;3,69E+07;1,96;;;;;;
23127;29/11/2023 7:00;NaN;1,12E+08;1,704;;;;;;
23127;29/11/2023 11:00;42,96;1,51E+08;1,64;;;;;;
23127;29/11/2023 15:00;52,72;1,88E+08;1,544;;;;;;
23127;29/11/2023 19:00;64,88;2,23E+08;0,24;;;;;;
23127;30/11/2023 6:15;78,96;2,18E+08;0,536;;;;;;
23127;30/11/2023 7:15;78;1,98E+08;0,44;;;;;;
23127;30/11/2023 10:00;77,44;2,53E+08;0,336;;;;;;
23131;04/12/2023 8:00;18,16;7,97E+06;1,704;;;;;;
23131;04/12/2023 12:00;18,24;1,12E+07;1,944;;;;;;
23131;04/12/2023 16:00;20;1,37E+07;1,864;;;;;;
23131;04/12/2023 20:00;21,04;1,96E+07;1,608;;;;;;
23131;05/12/2023 7:00;29,28;7,86E+07;1,56;;;;;;
23131;05/12/2023 11:00;35,68;1,06E+08;1,616;;;;;;
23131;05/12/2023 15:00;41,6;1,33E+08;1,424;;;;;;
23131;05/12/2023 19:00;55,2;1,47E+08;1,288;;;;;;
23131;06/12/2023 6:45;73,04;1,90E+08;0,784;;;;;;
23131;06/12/2023 7:30;73,52;2,03E+08;0,736;;;;;;
23131;06/12/2023 9:10;76,72;1,89E+08;0,664;;;;;;
23132;04/12/2023 8:00;17,84;6,37E+06;1,632;;;;;;
23132;04/12/2023 12:00;18,72;9,73E+06;1,576;;;;;;
23132;04/12/2023 16:00;19,44;1,47E+07;1,576;;;;;;
23132;04/12/2023 20:00;21,52;2,17E+07;1,704;;;;;;
23132;05/12/2023 7:00;33,92;8,75E+07;1,448;;;;;;
23132;05/12/2023 11:00;43,2;1,03E+08;1,504;;;;;;
23132;05/12/2023 15:00;53,68;1,31E+08;1,224;;;;;;
23132;05/12/2023 19:00;61,6;1,45E+08;1,144;;;;;;
23132;06/12/2023 6:45;80,8;2,02E+08;0,48;;;;;;
23132;06/12/2023 7:30;82,4;2,07E+08;0,432;;;;;;
23132;06/12/2023 9:10;86,4;2,00E+08;0,368;;;;;;
23133;04/12/2023 8:00;15,76;6,17E+06;1,856;;;;;;
23133;04/12/2023 12:00;16,16;9,15E+06;1,624;;;;;;
23133;04/12/2023 16:00;17,12;1,51E+07;1,744;;;;;;
23133;04/12/2023 20:00;18,56;2,13E+07;1,696;;;;;;
23133;05/12/2023 7:00;30,32;9,65E+07;1,496;;;;;;
23133;05/12/2023 11:00;39,04;1,20E+08;1,456;;;;;;
23133;05/12/2023 15:00;48;1,21E+08;1,44;;;;;;
23133;05/12/2023 19:00;56,96;1,65E+08;1,416;;;;;;
23133;06/12/2023 6:45;79,92;1,86E+08;0,632;;;;;;
23133;06/12/2023 7:30;79,84;2,10E+08;0,552;;;;;;
23133;06/12/2023 9:10;79,28;2,09E+08;0,52;;;;;;
23134;29/11/2023 14:00;19,04;1,22E+07;1,712;;;;;;
23134;29/11/2023 18:00;19,28;1,77E+07;1,376;;;;;;
23134;30/11/2023 7:00;25,44;6,01E+07;1,64;;;;;;
23134;30/11/2023 11:15;31,76;6,48E+07;1,576;;;;;;
23134;30/11/2023 15:15;40,48;7,29E+07;1,528;;;;;;
23134;30/11/2023 5:15;50,88;1,24E+08;1,296;;;;;;
23134;01/12/2023 6:30;73,36;1,94E+08;0,72;;;;;;
23134;01/12/2023 7:30;76;1,69E+08;0,648;;;;;;
23134;01/12/2023 8:00;73,04;1,94E+08;0,592;;;;;;
23134;01/12/2023 9:15;78,08;1,75E+08;0,552;;;;;;
23134;01/12/2023 11:15;77,92;1,93E+08;0,392;;;;;;
23135;29/11/2023 15:00;19,92;7,50E+06;1,808;;;;;;
23135;29/11/2023 19:00;20,32;1,29E+07;1,856;;;;;;
23135;30/11/2023 7:00;24,56;4,10E+07;1,688;;;;;;
23135;30/11/2023 11:15;29,36;8,51E+07;1,64;;;;;;
23135;30/11/2023 15:15;36,88;8,38E+07;1,544;;;;;;
23135;30/11/2023 19:15;46,56;1,10E+08;1,464;;;;;;
23135;01/12/2023 6:30;73,6;1,77E+08;0,808;;;;;;
23135;01/12/2023 7:30;75,52;1,56E+08;0,816;;;;;;
23135;01/12/2023 8:00;76,72;1,75E+08;0,8;;;;;;
23135;01/12/2023 9:15;77,84;1,64E+08;0,728;;;;;;
23135;01/12/2023 11:15;80,8;1,75E+08;0,552;;;;;;
23136;18/12/2023 9:00;16,48;6,43E+06;1,8;;;;;;
23136;18/12/2023 13:00;16,56;1,04E+07;1,664;;;;;;
23136;18/12/2023 17:00;17,76;2,06E+07;1,848;;;;;;
23136;18/12/2023 21:00;18,72;2,82E+07;1,648;;;;;;
23136;19/12/2023 7:00;29,44;8,13E+07;1,6;;;;;;
23136;19/12/2023 11:00;36,96;1,06E+08;1,448;;;;;;
23136;19/12/2023 15:00;40,16;1,16E+08;1,32;;;;;;
23136;19/12/2023 19:00;51,76;1,22E+08;1,088;;;;;;
23136;20/12/2023 6:45;70,4;2,04E+08;0,704;;;;;;
23136;20/12/2023 7:45;71,2;1,73E+08;0,544;;;;;;
23136;20/12/2023 10:00;71,12;2,10E+08;0,552;;;;;;
23137;18/12/2023 14:15;16,16;1,12E+07;1,544;;;;;;
23137;18/12/2023 18:15;16,16;1,75E+07;1,464;;;;;;
23137;19/12/2023 7:00;20,64;3,80E+07;1,656;;;;;;
23137;19/12/2023 11:00;25,04;5,38E+07;1,672;;;;;;
23137;19/12/2023 15:00;31,76;1,05E+08;1,384;;;;;;
23137;19/12/2023 19:00;36,24;1,62E+08;1,312;;;;;;
23137;20/12/2023 6:45;54;2,19E+08;0,936;;;;;;
23137;20/12/2023 7:45;56,16;2,41E+08;0,912;;;;;;
23137;20/12/2023 9:00;56,96;2,79E+08;0,856;;;;;;
23137;20/12/2023 10:00;56,96;2,80E+08;0,848;;;;;;
23137;20/12/2023 11:35;57,76;2,80E+08;0,768;;;;;;
23138;19/12/2023 13:30;16,16;3,54E+06;1,608;;;;;;
23138;19/12/2023 17:30;16,48;5,66E+06;1,528;;;;;;
23138;20/12/2023 7:00;20,96;2,67E+07;1,784;;;;;;
23138;20/12/2023 11:00;23,92;4,67E+07;1,76;;;;;;
23138;20/12/2023 15:00;29,2;6,60E+07;1,576;;;;;;
23138;20/12/2023 19:00;36,56;9,63E+07;1,632;;;;;;
23138;21/12/2023 7:00;65,84;1,51E+08;0,944;;;;;;
23138;21/12/2023 8:00;71,36;1,52E+08;0,944;;;;;;
23138;21/12/2023 9:00;68,64;1,63E+08;0,928;;;;;;
23138;21/12/2023 10:00;69,04;1,85E+08;0,872;;;;;;
23138;21/12/2023 11:30;71,68;1,69E+08;0,696;;;;;;
23139;19/12/2023 13:30;15,92;3,58E+06;1,832;;;;;;
23139;19/12/2023 17:30;16,16;5,74E+06;1,536;;;;;;
23139;20/12/2023 7:00;21,36;3,35E+07;1,872;;;;;;
23139;20/12/2023 11:00;24,64;4,49E+07;1,8;;;;;;
23139;20/12/2023 15:00;30,96;6,71E+07;1,904;;;;;;
23139;20/12/2023 19:00;39,6;9,01E+07;1,6;;;;;;
23139;21/12/2023 7:00;70,64;1,52E+08;0,904;;;;;;
23139;21/12/2023 8:00;67,68;1,62E+08;0,968;;;;;;
23139;21/12/2023 9:00;74,08;1,63E+08;0,848;;;;;;
23139;21/12/2023 11:00;75,92;1,73E+08;0,728;;;;;;
24002;17/01/2024 9:40;16,48;4,01E+06;1,832;;;;;;
24002;17/01/2024 14:00;16,64;8,19E+06;1,816;;;;;;
24002;17/01/2024 18:00;17,52;1,17E+07;1,688;;;;;;
24002;18/01/2024 7:00;23,84;5,21E+07;1,688;;;;;;
24002;18/01/2024 11:00;29,44;6,49E+07;1,84;;;;;;
24002;18/01/2024 16:00;37,84;1,10E+08;1,616;;;;;;
24002;18/01/2024 20:00;46,64;1,47E+08;1,376;;;;;;
24002;19/01/2024 6:45;68,24;1,77E+08;0,856;;;;;;
24002;19/01/2024 7:45;70,32;1,58E+08;0,776;;;;;;
24002;19/01/2024 8:00;70,64;2,03E+08;0,8;;;;;;
24002;19/01/2024 10:00;71,84;1,95E+08;0,768;;;;;;
24003;17/01/2024 9:40;15,52;3,98E+06;1,76;;;;;;
24003;17/01/2024 14:00;15,44;7,95E+06;1,84;;;;;;
24003;17/01/2024 18:00;16,32;1,21E+07;1,816;;;;;;
24003;18/01/2024 7:00;22,32;4,21E+07;1,712;;;;;;
24003;18/01/2024 11:00;27,52;5,42E+07;1,688;;;;;;
24003;18/01/2024 16:00;38,96;6,47E+07;1,504;;;;;;
24003;18/01/2024 20:00;46,24;1,25E+08;1,424;;;;;;
24003;19/01/2024 6:45;72,8;1,86E+08;0,88;;;;;;
24003;19/01/2024 7:45;74,4;1,86E+08;0,776;;;;;;
24003;19/01/2024 10:00;77,2;2,09E+08;0,632;;;;;;
24005;20/01/2024 8:50;16,64;4,61E+06;1,672;;;;;;
24005;22/01/2024 6:30;84;2,01E+08;0,432;;;;;;
24005;22/01/2024 9:00;87,2;1,94E+08;0,304;;;;;;
24004;16/01/2024 12:00;18,32;3,77E+06;2,12;;;;;;
24004;16/01/2024 16:00;18,4;5,60E+06;2,128;;;;;;
24004;16/01/2024 20:30;19,2;8,06E+06;2,264;;;;;;
24004;17/01/2024 7:00;24,4;3,13E+07;2,072;;;;;;
24004;17/01/2024 11:00;30,4;4,52E+07;2,376;;;;;;
24004;17/01/2024 15:00;35,2;7,32E+07;1,912;;;;;;
24004;17/01/2024 19:00;43,12;9,63E+07;1,688;;;;;;
24004;18/01/2024 6:45;68,4;1,60E+08;1,408;;;;;;
24004;18/01/2024 7:45;69,04;1,71E+08;1,352;;;;;;
24004;18/01/2024 8:45;70,16;1,69E+08;1,376;;;;;;
24004;18/01/2024 11:00;76,88;1,53E+08;0,968;;;;;;
24006;NaN;NaN;NaN;NaN;;;;;;
24007;20/01/2024 8:50;16,08;3,64E+06;1,712;;;;;;
24007;22/01/2024 6:30;85,6;1,59E+08;0,368;;;;;;
24007;22/01/2024 9:30;88,8;1,81E+08;0,264;;;;;;
24008;20/01/2024 8:50;17,12;3,51E+06;2,032;;;;;;
24008;22/01/2024 6:30;84;1,73E+08;0,704;;;;;;
24008;22/01/2024 9:00;84,8;1,72E+08;0,64;;;;;;
24009;23/01/2024 8:00;15,12;5,13E+06;1,632;;;;;;
24009;23/01/2024 12:00;15,52;7,77E+06;1,76;;;;;;
24009;23/01/2024 16:00;16,8;4,68E+07;1,8;;;;;;
24009;23/01/2024 20:00;18,64;1,95E+07;1,656;;;;;;
24009;24/01/2024 7:30;27,92;5,91E+07;1,512;;;;;;
24009;24/01/2024 11:30;35,2;8,35E+07;1,72;;;;;;
24009;24/01/2024 15:30;42,72;1,15E+08;1,496;;;;;;
24009;24/01/2024 19:30;54,08;1,35E+08;0,952;;;;;;
24009;25/01/2024 6:45;74;1,53E+08;0,736;;;;;;
24009;25/01/2024 7:45;74,16;1,70E+08;0,648;;;;;;
24009;25/01/2024 10:15;75,84;1,55E+08;0,504;;;;;;
24012;23/01/2024 8:00;17,52;4,01E+06;1,76;;;;;;
24012;23/01/2024 12:00;17,76;7,17E+06;1,72;;;;;;
24012;23/01/2024 16:00;18,4;1,10E+07;1,624;;;;;;
24012;23/01/2024 20:00;20,48;2,00E+07;1,792;;;;;;
24012;24/01/2024 7:30;32,88;6,67E+07;1,752;;;;;;
24012;24/01/2024 11:30;43,28;8,83E+07;1,608;;;;;;
24012;24/01/2024 15:30;51,52;9,76E+07;1,096;;;;;;
24012;24/01/2024 19:30;63,2;1,36E+08;0,96;;;;;;
24012;25/01/2024 6:45;88;1,60E+08;0,408;;;;;;
24012;25/01/2024 7:45;87,2;1,81E+08;0,352;;;;;;
24012;25/01/2024 10:15;88;1,30E+08;0,248;;;;;;
24016;22/01/2024 13:10;21,44;8,77E+06;1,792;;;;;;
24016;22/01/2024 17:10;20,64;1,03E+07;1,792;;;;;;
24016;22/01/2024 21:10;22,8;6,36E+06;1,648;;;;;;
24016;23/01/2024 8:00;30,88;2,60E+07;1,648;;;;;;
24016;23/01/2024 12:00;37,2;4,93E+07;1,552;;;;;;
24016;23/01/2024 16:00;48,4;1,32E+07;1,088;;;;;;
24016;23/01/2024 20:00;59,28;8,50E+07;1,296;;;;;;
24016;24/01/2024 6:15;83,2;1,50E+08;0,664;;;;;;
24016;24/01/2024 7:20;87,2;1,57E+08;0,624;;;;;;
24016;24/01/2024 8:30;88,8;1,53E+08;0,584;;;;;;
24016;24/01/2024 9:30;89,6;1,58E+08;0,512;;;;;;
24016;24/01/2024 11:15;93,6;2,11E+08;0,44;;;;;;
24017;22/01/2024 12:20;19,84;1,31E+07;1,76;;;;;;
24017;22/01/2024 17:10;18,88;1,39E+07;1,904;;;;;;
24017;22/01/2024 21:10;20,56;1,06E+07;1,36;;;;;;
24017;23/01/2024 8:00;28,64;3,90E+07;1,72;;;;;;
24017;23/01/2024 12:00;34,56;5,09E+07;1,576;;;;;;
24017;23/01/2024 16:00;45,92;8,18E+07;1,488;;;;;;
24017;23/01/2024 20:00;56,48;8,21E+07;1,376;;;;;;
24017;24/01/2024 6:15;82,4;1,73E+08;0,76;;;;;;
24017;24/01/2024 7:20;83,2;1,60E+08;0,712;;;;;;
24017;24/01/2024 10:10;84,8;1,70E+08;0,504;;;;;;
24011;22/01/2024 9:25;18,32;2,65E+07;1,536;;;;;;
24011;22/01/2024 13:25;18,56;2,02E+07;1,648;;;;;;
24011;22/01/2024 17:25;18,88;2,04E+07;1,608;;;;;;
24011;22/01/2024 21:25;21,84;2,17E+07;1,568;;;;;;
24011;23/01/2024 6:25;34,4;6,03E+07;1,56;;;;;;
24011;23/01/2024 10:25;40,48;8,44E+07;1,56;;;;;;
24011;23/01/2024 14:25;50,16;1,14E+08;1,376;;;;;;
24011;23/01/2024 18:25;62,96;1,33E+08;1,224;;;;;;
24011;24/01/2024 6:15;75,12;1,55E+08;0,688;;;;;;
24011;24/01/2024 7:20;72,48;1,61E+08;0,608;;;;;;
24011;24/01/2024 10:10;74,08;1,77E+08;0,432;;;;;;
24010;27/01/2024 8:15;19,52;2,59E+06;1,584;;;;;;
24010;29/01/2024 6:45;87,2;1,35E+08;0,672;;;;;;
24010;29/01/2024 7:15;86,4;1,57E+08;0,624;;;;;;
24010;29/01/2024 8:00;84;1,49E+08;0,64;;;;;;
24020;27/01/2024 8:20;18;2,30E+06;1,616;;;;;;
24020;29/01/2024 6:45;88;2,11E+08;0,328;;;;;;
24020;29/01/2024 7:15;87,2;1,50E+08;0,304;;;;;;
24020;29/01/2024 8:00;84,8;1,39E+08;0,288;;;;;;
24022;29/01/2024 15:15;18,8;8,45E+06;1,672;;;;;;
24022;30/01/2024 20:00;54,96;8,16E+07;1,384;;;;;;
24022;31/01/2024 6:45;81,6;1,52E+08;0,704;;;;;;
24022;31/01/2024 7:30;84;1,56E+08;0,608;;;;;;
24023;29/01/2024 13:20;18,32;1,18E+07;1,648;;;;;;
24023;30/01/2024 20:00;59,84;1,06E+08;1,336;;;;;;
24023;31/01/2024 6:45;86,4;1,59E+08;0,52;;;;;;
24023;31/01/2024 7:30;84;1,59E+08;0,416;;;;;;
P24053;31/01/2024 12:45;20,96;7,62E+06;0,968;;;;;;
P24053;31/01/2024 16:45;21,2;1,41E+07;1,024;;;;;;
P24053;31/01/2024 20:45;22,16;1,67E+07;1,056;;;;;;
P24053;01/02/2024 7:10;31,84;4,31E+07;0,992;;;;;;
P24053;01/02/2024 11:10;42,64;5,45E+07;0,808;;;;;;
P24053;01/02/2024 15:10;47,44;7,03E+07;0,632;;;;;;
P24053;01/02/2024 19:10;58,48;9,41E+07;0,504;;;;;;
P24053;02/02/2024 6:45;88,8;2,77E+07;0;;;;;;
P24053;02/02/2024 8:00;84,8;2,93E+07;0;;;;;;
P24053;02/02/2024 9:00;110,4;7,19E+07;0,496;;;;;;
P24053;02/02/2024 9:20;67,12;9,25E+07;0,4;;;;;;
P24053;02/02/2024 10:00;63,52;1,22E+08;0,472;;;;;;
24019;03/02/2024 7:45;16,64;1,68E+06;1,544;;;;;;
24019;05/02/2024 6:45;74;1,62E+08;0,792;;;;;;
24019;05/02/2024 7:45;75,04;1,82E+08;0,776;;;;;;
24021;03/02/2024 7:45;15,6;1,36E+06;1,472;;;;;;
24021;05/02/2024 6:45;72,08;1,48E+08;0,744;;;;;;
24021;05/02/2024 7:45;70,72;1,63E+08;0,712;;;;;;
24021;05/02/2024 8:40;71,6;1,64E+08;0,64;;;;;;
24015;07/02/2024 11:30;20,8;1,58E+07;1,768;;;;;;
24015;07/02/2024 15:30;20,88;1,25E+07;1,464;;;;;;
24015;07/02/2024 19:30;22,16;2,31E+07;1,84;;;;;;
24015;08/02/2024 7:30;32,4;4,73E+07;1,952;;;;;;
24015;08/02/2024 11:30;41,28;7,08E+07;1,656;;;;;;
24015;08/02/2024 15:30;48,56;1,02E+08;1,568;;;;;;
24015;08/02/2024 19:30;56,96;1,14E+08;1,192;;;;;;
24015;09/02/2024 6:45;73,04;1,61E+08;1,432;;;;;;
24015;09/02/2024 7:45;73,84;1,61E+08;1,176;;;;;;
24015;09/02/2024 8:45;73,76;1,64E+08;1,128;;;;;;
24025;05/02/2024 14:00;20,24;7,79E+06;1,664;;;;;;
24025;07/02/2024 6:45;84;1,33E+08;0,744;;;;;;
24025;07/02/2024 7:45;78,8;1,25E+08;0,672;;;;;;
24025;07/02/2024 8:30;79,28;1,53E+08;0,68;;;;;;
24025;07/02/2024 9:30;80,8;1,50E+08;0,544;;;;;;
24026;05/02/2024 14:00;19,52;9,52E+06;1,624;;;;;;
24026;07/02/2024 6:45;76,8;1,10E+08;0,912;;;;;;
24026;07/02/2024 7:45;73,6;1,05E+08;0,856;;;;;;
24026;07/02/2024 8:30;73,12;1,25E+08;0,872;;;;;;
24026;07/02/2024 9:30;76,88;1,31E+08;0,88;;;;;;
24014;10/02/2024 8:00;14,56;8,61E+05;1,736;;;;;;
24014;12/02/2024 6:45;65,68;1,39E+08;0,776;;;;;;
24014;12/02/2024 8:00;65,92;1,45E+08;0,952;;;;;;
24014;12/02/2024 9:00;70,08;1,53E+08;0,936;;;;;;
24014;12/02/2024 10:00;70;1,54E+08;0,856;;;;;;
24027;10/02/2024 8:00;18,72;8,72E+05;1,472;;;;;;
24027;12/02/2024 6:45;69,68;1,33E+08;0,912;;;;;;
24027;12/02/2024 8:00;69,36;1,41E+08;0,944;;;;;;
24027;12/02/2024 9:00;72,08;1,48E+08;0,816;;;;;;
24027;12/02/2024 10:00;72,8;1,46E+08;0,816;;;;;;
24027;12/02/2024 10:40;72,88;1,57E+08;0,72;;;;;;
24028;12/02/2024 16:45;19,68;8,56E+06;1,736;;;;;;
24028;13/02/2024 19:00;48,48;5,49E+07;1,464;;;;;;
24028;14/02/2024 6:45;76,4;1,25E+08;0,856;;;;;;
24028;14/02/2024 7:45;78,4;1,28E+08;0,92;;;;;;
24028;14/02/2024 9:20;80;1,48E+08;0,736;;;;;;
24028;14/02/2024 10:15;84,8;1,38E+08;0,592;;;;;;
24028;14/02/2024 11:15;80,8;1,64E+08;0,584;;;;;;
24029;12/02/2024 15:35;18,64;1,08E+07;1,632;;;;;;
24029;13/02/2024 19:00;45,12;6,47E+07;1,504;;;;;;
24029;14/02/2024 6:45;71,6;1,34E+08;0,848;;;;;;
24029;14/02/2024 7:45;72,96;1,36E+08;0,856;;;;;;
24029;14/02/2024 9:20;76,56;1,60E+08;0,856;;;;;;
24029;14/02/2024 10:15;77,84;1,73E+08;0,744;;;;;;
24034;14/02/2024 16:45;19,6;1,27E+07;1,68;;;;;;
24034;14/02/2024 20:45;18,88;1,25E+07;1,856;;;;;;
24034;15/02/2024 6:45;23,52;3,32E+07;1,768;;;;;;
24034;15/02/2024 10:45;28,48;4,95E+07;1,752;;;;;;
24034;15/02/2024 14:45;35,44;6,74E+07;1,76;;;;;;
24034;15/02/2024 18:45;45,44;1,00E+08;1,568;;;;;;
24034;16/02/2024 7:45;80,8;1,63E+08;0,696;;;;;;
24034;16/02/2024 8:20;80;1,65E+08;0,632;;;;;;
24034;16/02/2024 9:20;85,6;1,67E+08;0,576;;;;;;
24034;16/02/2024 10:30;86,4;1,54E+08;0,488;;;;;;
24034;16/02/2024 12:40;92;1,78E+08;0,28;;;;;;
24031;17/02/2024 8:40;14,8;2,46E+06;2,064;;;;;;
24031;19/02/2024 6:45;80,8;1,55E+08;0,312;;;;;;
24031;19/02/2024 7:15;87,2;1,95E+08;0,264;;;;;;
24031;19/02/2024 8:10;78,88;1,96E+08;0,536;;;;;;
24037;19/02/2024 13:30;17,92;8,33E+06;1,832;;;;;;
24037;20/02/2024 19:00;59,2;1,14E+08;1,168;;;;;;
24037;21/02/2024 6:45;90,4;1,83E+08;0,456;;;;;;
24037;21/02/2024 8:45;92,8;1,91E+08;0,352;;;;;;
24038;21/02/2024 12:45;19,6;8,11E+06;1,832;;;;;;
24038;21/02/2024 16:45;19,68;1,49E+07;1,72;;;;;;
24038;21/02/2024 20:45;20,96;1,92E+07;1,696;;;;;;
24038;22/02/2024 6:45;28,16;4,46E+07;1,84;;;;;;
24038;22/02/2024 10:45;36,4;6,89E+07;1,672;;;;;;
24038;22/02/2024 14:45;50,32;1,01E+08;1,448;;;;;;
24038;22/02/2024 18:45;59,92;1,49E+08;1,128;;;;;;
24038;23/02/2024 6:45;84;1,97E+08;0,464;;;;;;
24038;23/02/2024 7:45;85,6;2,12E+08;0,376;;;;;;
24038;23/02/2024 9:15;84;2,17E+08;0,312;;;;;;
24035;02/03/2024 8:20;16,72;3,94E+06;1,976;;;;;;
24035;04/03/2024 6:45;58,96;1,60E+08;1,136;;;;;;
24035;04/03/2024 7:45;59,84;1,69E+08;1,136;;;;;;
24035;04/03/2024 8:45;61,44;1,46E+08;1,064;;;;;;
24036;02/03/2024 8:20;14,4;5,40E+06;1,76;;;;;;
24036;04/03/2024 6:45;58,16;1,72E+08;1,096;;;;;;
24036;04/03/2024 7:45;59,04;1,73E+08;1,16;;;;;;
24036;04/03/2024 8:45;61,2;1,49E+08;1,088;;;;;;
24039;05/07/2024 19:30;42,56;4,33E+07;1,424;;;;;;
24039;06/03/2024 6:15;64,48;1,28E+08;0,968;;;;;;
24039;06/03/2024 7:45;68,16;1,25E+08;1,088;;;;;;
24039;06/03/2024 8:45;69,84;1,34E+08;0,88;;;;;;
24039;06/03/2024 9:45;70,64;1,45E+08;0,968;;;;;;
24039;06/03/2024 10:45;72,16;1,47E+08;0,824;;;;;;
24039;06/03/2024 11:45;75,68;9,41E+07;0,728;;;;;;
24040;05/03/2024 19:30;44,4;4,16E+07;1,352;;;;;;
24040;06/03/2024 4:15;60,08;1,47E+08;1,296;;;;;;
24040;06/03/2024 6:15;63,04;1,19E+08;1,16;;;;;;
24040;06/03/2024 7:45;66,48;1,15E+08;1,144;;;;;;
24040;06/03/2024 8:45;67,84;1,24E+08;1,088;;;;;;
24040;06/03/2024 9:45;70;1,38E+08;1,032;;;;;;
24040;06/03/2024 10:45;71,52;1,44E+08;0,888;;;;;;
24040;06/03/2024 11:45;74,24;9,49E+07;0,808;;;;;;
24041;09/03/2024 9:20;18,64;6,74E+06;1,984;;;;;;
24041;11/03/2024 7:30;75,84;1,50E+08;0,744;;;;;;
24041;11/03/2024 8:30;77,6;7,31E+07;0,648;;;;;;
24041;11/03/2024 8:40;NaN;1,45E+08;NaN;;;;;;
24042;09/03/2024 9:00;19,04;7,50E+06;1,84;;;;;;
24042;11/03/2024 7:30;68,72;1,57E+08;1,008;;;;;;
24042;11/03/2024 8:30;68,4;1,58E+08;0,968;;;;;;
24043;12/03/2024 8:20;19,44;4,64E+06;1,728;;;;;;
24043;13/03/2024 20:00;49,44;1,15E+08;1,592;;;;;;
24043;14/03/2024 6:50;68,96;1,60E+08;0,856;;;;;;
24043;14/03/2024 7:50;69,76;1,22E+08;0,888;;;;;;
24043;14/03/2024 9:20;69,68;1,33E+08;NaN;;;;;;
24045;12/03/2024 8:20;17,52;5,05E+06;1,68;;;;;;
24045;13/03/2024 20:00;49,44;1,14E+08;1,464;;;;;;
24045;14/03/2024 6:50;69,52;2,14E+08;0,768;;;;;;
24045;14/03/2024 7:50;71,68;2,17E+08;0,856;;;;;;
24045;14/03/2024 8:50;73,12;1,37E+08;0,912;;;;;;
24045;14/03/2024 9:40;72,48;1,39E+08;NaN;;;;;;
24046;11/03/2024 15:00;19,92;8,59E+06;1,76;;;;;;
24046;12/03/2024 19:15;55,28;8,88E+07;1,424;;;;;;
24046;13/03/2024 7:00;82,4;1,63E+08;0,728;;;;;;
24046;13/03/2024 9:00;87,2;1,34E+08;0,44;;;;;;
24046;13/03/2024 9:25;NaN;1,68E+08;NaN;;;;;;
24046;13/03/2024 10:30;88;1,57E+08;0,392;;;;;;
24048;11/03/2024 15:00;21,44;6,80E+06;1,696;;;;;;
24048;12/03/2024 19:15;46,8;6,71E+07;1,616;;;;;;
24048;13/03/2024 7:00;76,32;1,21E+08;0,968;;;;;;
24048;13/03/2024 9:00;78,96;9,81E+07;0,76;;;;;;
24048;13/03/2024 9:25;NaN;1,47E+08;NaN;;;;;;
24048;13/03/2024 10:30;81,6;1,31E+08;0,72;;;;;;
24044;16/03/2024 9:30;19,28;5,10E+06;1,792;;;;;;
24044;18/03/2024 6:45;75,92;1,73E+08;0,76;;;;;;
24044;18/03/2024 7:45;77,52;1,61E+08;0,672;;;;;;
24049;16/03/2024 9:30;18,88;5,65E+06;1,704;;;;;;
24049;18/03/2024 6:45;69,2;1,66E+08;0,856;;;;;;
24049;18/03/2024 7:45;72,64;1,65E+08;0,808;;;;;;
24047;18/03/2024 13:05;18,24;9,25E+06;1,76;;;;;;
24047;19/03/2024 19:30;54,64;1,11E+08;1,216;;;;;;
24047;20/03/2024 6:45;86,4;2,23E+08;0,632;;;;;;
24050;23/03/2024 9:00;17,76;5,56E+06;1,88;;;;;;
24050;25/03/2024 6:40;67,2;1,73E+08;1,016;;;;;;
24050;25/03/2024 7:40;67,6;1,52E+08;0,928;;;;;;
24050;25/03/2024 8:05;;1,53E+08;;;;;;;
24051;23/03/2024 9:00;17,76;5,16E+06;1,512;;;;;;
24051;25/03/2024 6:40;78,64;1,85E+08;0,792;;;;;;
24051;25/03/2024 7:40;80,8;1,61E+08;0,72;;;;;;
24051;25/03/2024 8:05;;1,58E+08;;;;;;;
24052;25/03/2024 15:10;17,28;8,51E+06;1,88;;;;;;
24052;26/03/2024 19:10;39,92;6,58E+07;1,536;;;;;;
24052;27/03/2024 7:00;68,64;1,39E+08;1,152;;;;;;
24052;27/03/2024 8:00;71,76;1,12E+08;0,984;;;;;;
24052;27/03/2024 8:30;69,04;1,48E+08;1,144;;;;;;
24053;25/03/2024 15:30;16,72;1,39E+07;1,616;;;;;;
24053;26/03/2024 19:10;49,6;1,35E+08;1,264;;;;;;
24053;27/03/2024 7:00;80;1,86E+08;0,712;;;;;;
24053;27/03/2024 8:00;79,36;1,48E+08;0,56;;;;;;
24054;16/04/2024 8:15;15,44;6,00E+06;1,872;;;;;;
24054;17/04/2024 19:10;61,28;1,15E+08;1,296;;;;;;
24054;18/04/2024 6:45;85,6;1,85E+08;0,48;;;;;;
24055;13/04/2024 8:30;14,32;8,42E+06;1,76;;;;;;
24055;15/04/2024 6:45;72,72;1,74E+08;0,784;;;;;;
24055;15/04/2024 7:45;73,68;1,75E+08;0,744;;;;;;
24056;13/04/2024 8:30;14,56;7,38E+06;1,88;;;;;;
24056;15/04/2024 6:45;79,92;1,82E+08;0,664;;;;;;
24056;15/04/2024 7:45;82,4;1,68E+08;0,56;;;;;;
24057;16/04/2024 8:15;17,76;6,71E+06;1,888;;;;;;
24057;17/04/2024 19:10;60,96;1,00E+08;1,216;;;;;;
24057;18/04/2024 6:45;78,96;1,81E+08;0,712;;;;;;
24058;15/04/2024 14:30;18;1,26E+07;1,64;;;;;;
24058;16/04/2024 19:00;55,84;8,61E+07;1,12;;;;;;
24058;17/04/2024 6:45;80,8;1,59E+08;0,752;;;;;;
24058;17/04/2024 7:45;82,4;1,45E+08;0,672;;;;;;
24059;15/04/2024 14:30;18,08;1,28E+07;1,472;;;;;;
24059;16/04/2024 19:00;58,24;9,47E+07;1,312;;;;;;
24059;17/04/2024 6:45;77,28;1,79E+08;0,848;;;;;;
24059;17/04/2024 7:45;78,4;1,67E+08;0,776;;;;;;
24062;17/04/2024 15:10;18,88;1,26E+07;1,72;;;;;;
24062;17/04/2024 19:10;19,28;1,71E+07;1,616;;;;;;
24062;18/04/2024 7:10;25,52;5,36E+07;1,76;;;;;;
24062;18/04/2024 11:10;31,68;6,99E+07;1,704;;;;;;
24062;18/04/2024 15:10;41,76;7,77E+07;0,84;;;;;;
24062;18/04/2024 19:10;51,36;9,09E+07;1,368;;;;;;
24062;19/04/2024 6:45;80,8;1,64E+08;0,8;;;;;;
24062;19/04/2024 7:45;80;1,65E+08;0,72;;;;;;
24062;19/04/2024 9:30;84;1,59E+08;0,536;;;;;;
24060;20/04/2024 8:30;25,92;8,04E+06;1,688;;;;;;
24060;22/04/2024 6:45;75,04;1,77E+08;0,808;;;;;;
24060;22/04/2024 7:45;76,24;1,33E+08;0,336;;;;;;
24060;22/04/2024 8:00;NaN;1,79E+08;0,64;;;;;;
24060;22/04/2024 8:45;76,32;1,61E+08;0,648;;;;;;
24061;20/04/2024 8:30;28,56;5,60E+06;1,696;;;;;;
24061;22/04/2024 6:45;66,72;1,76E+08;1,04;;;;;;
24061;22/04/2024 7:45;68,48;1,11E+08;0,744;;;;;;
24061;22/04/2024 8:00;NaN;1,69E+08;;;;;;;
24061;22/04/2024 8:45;68,96;1,49E+08;0,912;;;;;;
24063;23/04/2024 10:45;15,52;3,03E+06;1,808;;;;;;
24063;24/04/2024 19:00;36,72;7,91E+07;1,72;;;;;;
24063;25/04/2024 6:40;61,92;1,46E+08;1,104;;;;;;
24063;25/04/2024 9:15;68,56;1,60E+08;1;;;;;;
24063;25/04/2024 10:45;68,72;1,81E+08;1;;;;;;
24064;23/04/2024 10:45;18,56;3,18E+06;1,888;;;;;;
24064;24/04/2024 19:00;36,56;8,02E+07;1,888;;;;;;
24064;25/04/2024 6:40;57,12;1,48E+08;1,352;;;;;;
24064;25/04/2024 9:15;60,64;1,51E+08;1,128;;;;;;
24064;25/04/2024 10:45;63,76;1,75E+08;1,272;;;;;;
24065;22/04/2024 14:20;18,48;8,17E+06;1,84;;;;;;
24065;23/04/2024 19:00;49,6;8,13E+07;2,824;;;;;;
24065;24/04/2024 6:45;76,64;2,02E+08;0,856;;;;;;
24065;24/04/2024 7:45;79,84;2,23E+08;0,76;;;;;;
24065;24/04/2024 8:45;77,6;2,10E+08;0,768;;;;;;
24066;22/04/2024 17:35;19,6;1,54E+07;3,016;;;;;;
24066;23/04/2024 19:00;45,52;8,09E+07;1,4;;;;;;
24066;24/04/2024 6:45;75,92;1,07E+08;2,392;;;;;;
24066;24/04/2024 7:45;76,64;1,27E+08;2,376;;;;;;
24066;24/04/2024 8:45;77,44;1,19E+08;2,328;;;;;;
24069;24/04/2024 16:45;19,92;1,42E+07;3,056;;;;;;
24069;25/04/2024 8:30;26,64;4,23E+07;4,45/4,21;;;;;;
24069;25/04/2024 12:30;29,76;5,46E+07;3,232;;;;;;
24069;25/04/2024 16:30;34,56;6,58E+07;3,296;;;;;;
24069;25/04/2024 20:30;40,4;7,51E+07;3,264;;;;;;
24069;26/04/2024 6:30;61,2;1,33E+08;2,68;;;;;;
24069;26/04/2024 9:00;63,52;1,53E+08;2,88;;;;;;
24069;26/04/2024 10:30;64,4;1,60E+08;2,472;;;;;;
24068;24/04/2024 21:00;21,2;1,95E+07;0,256;;;;;;
24068;25/04/2024 8:30;28,72;5,81E+07;0,27/0,3;;;;;;
24068;25/04/2024 12:30;36,96;8,21E+07;0,224;;;;;;
24068;25/04/2024 16:30;47,28;1,09E+08;0,24;;;;;;
24068;25/04/2024 20:30;59,28;1,41E+08;0,592;;;;;;
24068;26/04/2024 5:30;84;1,81E+08;0;;;;;;
24068;26/04/2024 7:00;80;1,74E+08;0;;;;;;
24067;27/04/2024 10:45;16,96;7,78E+06;1,912;;;;;;
24067;29/04/2024 7:20;74,56;1,70E+08;0,888;;;;;;
24067;29/04/2024 8:10;76,88;1,77E+08;0,912;;;;;;
24070;27/04/2024 10:45;16,4;6,43E+06;;;;;;;
24070;29/04/2024 7:20;82,4;1,73E+08;0,808;;;;;;
24070;29/04/2024 8:10;81,6;1,68E+08;0,752;;;;;;
24071;30/04/2024 10:00;16,16;5,10E+06;1,992;;;;;;
24071;02/05/2024 6:45;85,6;2,00E+08;0,672;;;;;;
24071;02/05/2024 7:15;84,8;1,95E+08;0,68;;;;;;
24072;14/05/2024 9:00;18,48;7,29E+06;1,992;;;;;;
24072;15/05/2024 20:00;60,32;1,58E+08;1,344;;;;;;
24072;16/05/2024 6:45;78,4;1,91E+08;0,816;;;;;;
24073;14/05/2024 9:00;18,72;6,89E+06;2,12;;;;;;
24073;15/05/2024 20:00;50,56;1,63E+08;1,384;;;;;;
24073;16/05/2024 6:45;68,32;1,95E+08;0,968;;;;;;
24073;16/05/2024 7:45;71,36;1,97E+08;0,952;;;;;;
24075;14/05/2024 9:00;17,12;6,89E+06;1,856;;;;;;
24075;15/05/2024 20:00;55,68;1,61E+08;1,36;;;;;;
24075;16/05/2024 6:45;75,52;1,79E+08;0,76;;;;;;
24074;18/05/2024 8:35;15,28;7,23E+06;1,792;;;;;;
24074;20/05/2024 6:30;80,8;1,81E+08;0,792;;;;;;
24074;20/05/2024 8:00;76,16;1,63E+08;0,672;;;;;;
24076;18/05/2024 8:35;16,24;7,37E+06;1,624;;;;;;
24076;20/05/2024 6:30;75,6;1,75E+08;0,744;;;;;;
24076;20/05/2024 8:00;81,6;2,05E+08;0,712;;;;;;
24077;21/05/2024 8:00;18;6,73E+06;1,928;;;;;;
24077;22/05/2024 19:30;71,6;1,82E+08;1,088;;;;;;
24077;23/05/2024 6:30;86,4;1,82E+08;0,472;;;;;;
24077;23/05/2024 7:30;85,6;1,73E+08;0,376;;;;;;
24078;21/05/2024 8:00;17,68;7,41E+06;1,936;;;;;;
24078;22/05/2024 19:30;62,88;1,45E+08;1,256;;;;;;
24078;23/05/2024 6:30;76,4;1,83E+08;0,632;;;;;;
24078;23/05/2024 7:30;75,12;1,74E+08;0,648;;;;;;
24079;20/05/2024 15:15;18,72;1,16E+07;1,768;;;;;;
24079;21/05/2024 20:00;57,04;1,32E+08;1,344;;;;;;
24079;22/05/2024 6:30;85,6;2,06E+08;0,824;;;;;;
24079;22/05/2024 8:35;88,8;1,24E+08;0,672;;;;;;
24080;20/05/2024 14:10;19,44;1,28E+07;1,552;;;;;;
24080;21/05/2024 20:00;54;1,36E+08;1,296;;;;;;
24080;22/05/2024 6:30;77,68;1,85E+08;0,912;;;;;;
24080;22/05/2024 8:35;80;9,01E+07;0,744;;;;;;
24080;22/05/2024 11:10;81,6;2,69E+08;0,576;;;;;;
24082;22/05/2024 15:30;18,48;1,76E+07;1,92;;;;;;
24082;22/05/2024 19:30;19,2;1,87E+07;1,832;;;;;;
24082;23/05/2024 9:15;28,4;6,37E+07;1,792;;;;;;
24082;23/05/2024 19:15;52,64;1,00E+08;1,368;;;;;;
24082;24/05/2024 6:30;79,12;1,83E+08;0,784;;;;;;
24082;24/05/2024 8:45;83,2;1,74E+08;0,672;;;;;;
24082;24/05/2024 10:00;83,2;1,79E+08;0,528;;;;;;
24082;24/05/2024 11:30;85,6;1,70E+08;0,48;;;;;;
24083;25/05/2024 9:35;18,32;8,11E+06;1,688;;;;;;
24083;27/05/2024 7:00;72,64;1,75E+08;0,424;;;;;;
24083;27/05/2024 7:30;74,48;1,80E+08;0,4;;;;;;
24084;25/05/2024 9:35;17,92;8,04E+06;2,056;;;;;;
24084;27/05/2024 7:00;74,8;1,75E+08;0,984;;;;;;
24084;27/05/2024 7:30;74,96;1,63E+08;0,96;;;;;;
24085;28/05/2024 8:40;16,32;6,44E+06;1,904;;;;;;
24085;29/05/2024 19:45;63,28;1,19E+08;1,272;;;;;;
24085;30/05/2024 6:45;79,44;1,52E+08;0,56;;;;;;
24085;30/05/2024 7:45;81,6;1,73E+08;0,496;;;;;;
24081;28/05/2024 8:40;18,88;5,58E+06;2,056;;;;;;
24081;29/05/2024 19:45;61,6;1,43E+08;1,368;;;;;;
24081;30/05/2024 6:45;79,84;1,66E+08;0,704;;;;;;
24086;27/05/2024 18:45;20,4;1,90E+07;1,664;;;;;;
24086;28/05/2024 20:20;51,44;9,15E+07;1,416;;;;;;
24086;29/05/2024 6:45;73,68;1,55E+08;1,056;;;;;;
24086;29/05/2024 7:45;75,04;1,63E+08;0,984;;;;;;
24086;29/05/2024 8:45;74,4;1,50E+08;0,936;;;;;;
24087;27/05/2024 17:00;16,72;2,21E+07;1,944;;;;;;
24087;28/05/2024 20:20;48,72;1,06E+08;1,416;;;;;;
24087;29/05/2024 6:45;70,56;1,69E+08;1,008;;;;;;
24087;29/05/2024 7:45;72,72;1,83E+08;1,008;;;;;;
24087;29/05/2024 8:45;74,16;1,71E+08;0,824;;;;;;
24090;29/05/2024 15:45;19,76;1,99E+07;1,872;;;;;;
24090;29/05/2024 19:45;20,24;2,28E+07;1,76;;;;;;
24090;30/05/2024 7:15;24,96;5,39E+07;2;;;;;;
24090;30/05/2024 11:15;29,12;6,83E+07;1,976;;;;;;
24090;30/05/2024 15:45;39,12;8,45E+07;1,8;;;;;;
24090;30/05/2024 19:30;46,32;1,10E+08;1,576;;;;;;
24090;31/05/2024 6:45;68,56;1,38E+08;1,16;;;;;;
24090;31/05/2024 7:45;69,76;1,37E+08;1,032;;;;;;
24090;31/05/2024 9:15;69,92;1,47E+08;1,04;;;;;;
24090;31/05/2024 11:00;73,52;1,45E+08;0,88;;;;;;
24088;01/06/2024 8:55;18,32;5,94E+06;1,752;;;;;;
24088;03/06/2024 6:30;65,52;1,75E+08;0,944;;;;;;
24088;03/06/2024 8:30;64,8;1,58E+08;0,928;;;;;;
24089;01/06/2024 8:00;18;5,06E+06;2,088;;;;;;
24089;03/06/2024 6:30;69,44;1,58E+08;1,032;;;;;;
24089;03/06/2024 8:30;71,44;1,48E+08;0,856;;;;;;
24091;04/06/2024 7:45;14;5,30E+06;2,104;;;;;;
24091;05/06/2024 19:30;63,2;1,84E+08;1,568;;;;;;
24091;06/06/2024 6:35;86,4;2,24E+08;0,648;;;;;;
24091;06/06/2024 7:30;85,6;1,95E+08;0,704;;;;;;
24092;04/06/2024 7:45;16,72;5,08E+06;2,08;;;;;;
24092;05/06/2024 19:30;66;1,69E+08;1,512;;;;;;
24092;06/06/2024 6:35;100;2,22E+08;0,688;;;;;;
24092;06/06/2024 7:30;101,6;2,23E+08;0,52;;;;;;
24093;03/06/2024 14:40;15,92;9,68E+06;1,904;;;;;;
24093;04/06/2024 20:00;52,56;1,32E+08;1,552;;;;;;
24093;05/06/2024 6:30;75,52;2,45E+08;0,872;;;;;;
24093;05/06/2024 7:10;73,76;2,14E+08;0,832;;;;;;
24094;03/06/2024 14:40;14,24;1,21E+07;1,952;;;;;;
24094;04/06/2024 20:00;48,88;1,29E+08;1,672;;;;;;
24094;05/06/2024 6:30;79,36;2,29E+08;1;;;;;;
24094;05/06/2024 7:10;78;2,05E+08;0,992;;;;;;
24096;06/06/2024 6:35;33,44;7,71E+07;1,744;;;;;;
24096;06/06/2024 11:45;44,72;1,15E+08;1,544;;;;;;
24096;06/06/2024 15:45;60,64;1,41E+08;1,552;;;;;;
24096;06/06/2024 19:30;60,96;1,99E+08;1,464;;;;;;
24096;07/06/2024 6:40;96;2,53E+08;0,56;;;;;;
24096;07/06/2024 7:40;99,2;2,56E+08;0,544;;;;;;
24096;07/06/2024 8:45;97,6;2,50E+08;0,56;;;;;;
24096;07/06/2024 11:00;101,6;2,30E+08;0,408;;;;;;
24095;11/06/2024 8:10;20,8;5,35E+06;1,912;;;;;;
24095;12/06/2024 19:30;55,6;1,98E+08;1,288;;;;;;
24095;13/06/2024 6:45;82,4;2,46E+08;0,848;;;;;;
24097;11/06/2024 8:10;22,24;5,67E+06;1,928;;;;;;
24097;12/06/2024 19:30;55,6;1,98E+08;1,288;;;;;;
24097;13/06/2024 6:45;87,2;2,41E+08;0,712;;;;;;
24098;15/06/2024 12:15;19,6;1,74E+06;1,896;;;;;;
24098;17/06/2024 6:40;55,36;1,24E+08;1,616;;;;;;
24098;17/06/2024 9:00;59,28;1,40E+08;1,52;;;;;;
24098;17/06/2024 10:30;62,4;1,39E+08;1,44;;;;;;
24099;17/06/2024 17:00;19,52;8,25E+06;1,824;;;;;;
24099;18/06/2024 19:20;44,72;7,10E+07;1,4;;;;;;
24099;19/06/2024 6:35;73,92;1,57E+08;0,968;;;;;;
24099;19/06/2024 8:00;74,64;1,59E+08;0,888;;;;;;
24099;19/06/2024 9:30;78,48;1,65E+08;0,824;;;;;;
24100;19/06/2024 16:00;20,8;1,44E+07;2,016;;;;;;
24100;19/06/2024 20:00;21,44;1,49E+07;1,96;;;;;;
24100;20/06/2024 6:30;27,28;4,46E+07;1,832;;;;;;
24100;20/06/2024 10:00;31,68;5,64E+07;1,784;;;;;;
24100;20/06/2024 14:00;43,68;7,52E+07;1,864;;;;;;
24100;20/06/2024 18:00;52,88;1,07E+08;1,616;;;;;;
24100;21/06/2024 6:30;88,8;2,05E+08;0,72;;;;;;
24100;21/06/2024 7:30;85,6;2,23E+08;0,592;;;;;;
24100;21/06/2024 9:00;84;2,17E+08;0,512;;;;;;
24101;29/06/2024 7:30;19,28;6,63E+06;0,952;;;;;;
24101;01/07/2024 7:00;92,8;1,74E+08;0,36;;;;;;
24101;01/07/2024 7:30;92;1,58E+08;0,24;;;;;;
24103;29/06/2024 7:30;19,04;4,35E+06;1,904;;;;;;
24103;01/07/2024 7:00;89,6;1,67E+08;0,64;;;;;;
24103;01/07/2024 7:30;84,8;1,73E+08;0,544;;;;;;
24105;NaN;19,28;3,82E+06;1,768;;;;;;
24105;03/07/2024 20:00;61,92;9,17E+07;1,504;;;;;;
24105;04/07/2024 6:30;85,6;1,70E+08;0,856;;;;;;
24105;04/07/2024 8:30;84,8;1,74E+08;0,784;;;;;;
24104;NaN;20,16;4,11E+06;1,792;;;;;;
24104;03/07/2024 20:00;59,12;7,57E+07;1,552;;;;;;
24104;04/07/2024 6:30;80;1,63E+08;0,944;;;;;;
24104;04/07/2024 8:30;82,4;1,71E+08;0,816;;;;;;
24106;01/07/2024 13:15;23,6;1,00E+07;1,944;;;;;;
24106;02/07/2024 20:15;69,04;7,89E+07;1,416;;;;;;
24106;03/07/2024 6:30;83,2;1,52E+08;0,704;;;;;;
24106;03/07/2024 8:00;84;1,63E+08;0,56;;;;;;
24107;01/07/2024 14:00;21,76;1,04E+07;1,816;;;;;;
24107;02/07/2024 20:15;62,16;6,42E+07;1,208;;;;;;
24107;03/07/2024 6:30;88;1,83E+08;0,672;;;;;;
24107;03/07/2024 8:00;87,2;1,51E+08;0,584;;;;;;
24109;03/07/2024 16:00;23,84;1,51E+07;1,832;;;;;;
24109;03/07/2024 20:00;24;1,43E+07;1,952;;;;;;
24109;04/07/2024 7:00;34,88;5,02E+07;1,84;;;;;;
24109;04/07/2024 11:30;45,2;7,59E+07;1,616;;;;;;
24109;04/07/2024 15:30;58;6,97E+07;1,448;;;;;;
24109;04/07/2024 19:30;68,4;1,06E+08;1,296;;;;;;
24109;05/07/2024 6:30;92;1,90E+08;0,584;;;;;;
24109;05/07/2024 8:00;93,6;1,85E+08;0,512;;;;;;
24109;05/07/2024 10:10;94,4;1,96E+08;0,44;;;;;;
24110;03/07/2024 16:00;26,56;1,08E+07;1,792;;;;;;
24110;03/07/2024 20:00;28;1,50E+07;1,816;;;;;;
24110;04/07/2024 7:00;36,08;4,59E+07;1,864;;;;;;
24110;04/07/2024 11:30;46,56;6,74E+07;1,608;;;;;;
24110;04/07/2024 15:30;58,4;8,05E+07;1,584;;;;;;
24110;04/07/2024 19:30;69,76;1,02E+08;1,248;;;;;;
24110;05/07/2024 6:30;100,8;1,53E+08;0,6;;;;;;
24110;05/07/2024 8:00;104,8;1,51E+08;0,52;;;;;;
24110;05/07/2024 10:10;104,8;1,57E+08;0,592;;;;;;
