Lote,Centr√≠fuga,Centrifugada (1 o 2),Volumen centrifugado (L),Turbidez
23019.0,17825,1,200,26.8
23019.0,17825,1,400,26.3
23019.0,17825,1,600,28.2
23019.0,17825,1,800,28.1
23019.0,17825,1,1000,28.4
23019.0,17825,1,1200,27.7
23019.0,17825,1,1400,28.6
23019.0,17825,1,1600,28.5
23019.0,17825,1,1800,28.9
23019.0,17825,1,2000,28.2
23019.0,17825,2,100,20.8
23019.0,17825,2,200,20.8
23019.0,17825,2,300,21.6
23019.0,17825,2,400,21.5
23020.0,14246,1,200,29.8
23020.0,14246,1,400,28.6
23020.0,14246,1,600,30.9
23020.0,14246,1,800,28.6
23020.0,14246,1,1000,27.6
23020.0,14246,1,1200,27.8
23020.0,14246,1,1400,28.3
23020.0,14246,1,1600,27.6
23020.0,14246,1,1800,28.5
23020.0,14246,1,2000,26.9
23020.0,14246,2,100,12.8
23020.0,14246,2,200,13.0
23020.0,14246,2,300,12.9
23020.0,14246,2,400,12.9
23021.0,17825,1,200,28.6
23021.0,17825,1,400,30.4
23021.0,17825,1,600,28.7
23021.0,17825,1,800,28.7
23021.0,17825,1,1000,29.2
23021.0,17825,1,1200,28.6
23021.0,17825,1,1400,29.1
23021.0,17825,1,1600,29.5
23021.0,17825,1,1800,29.1
23021.0,17825,1,2000,29.0
23021.0,17825,2,100,18.5
23021.0,17825,2,200,20.5
23021.0,17825,2,300,17.8
23021.0,17825,2,400,20.2
23022.0,12912,1,200,26.3
23022.0,12912,1,400,26.4
23022.0,12912,1,600,26.2
23022.0,12912,1,800,26.4
23022.0,12912,1,1000,26.2
23022.0,12912,1,1200,26.1
23022.0,12912,1,1400,26.3
23022.0,12912,1,1600,27.0
23022.0,12912,1,1800,26.9
23022.0,12912,1,2000,26.6
23022.0,12912,2,100,10.1
23022.0,12912,2,200,10.0
23022.0,12912,2,300,11.0
23022.0,12912,2,400,9.4
23023.0,17825,1,200,26.6
23023.0,17825,1,400,26.0
23023.0,17825,1,600,26.2
23023.0,17825,1,800,26.8
23023.0,17825,1,1000,27.0
23023.0,17825,1,1200,26.2
23023.0,17825,1,1400,27.0
23023.0,17825,1,1600,27.0
23023.0,17825,1,1800,26.6
23023.0,17825,1,2000,26.9
23023.0,17825,2,100,21.0
23023.0,17825,2,200,21.0
23023.0,17825,2,300,20.8
23023.0,17825,2,400,20.6
23024.0,14246,1,200,24.6
23024.0,14246,1,400,24.3
23024.0,14246,1,600,24.2
23024.0,14246,1,800,24.4
23024.0,14246,1,1000,24.5
23024.0,14246,1,1200,24.7
23024.0,14246,1,1400,24.6
23024.0,14246,1,1600,24.7
23024.0,14246,1,1800,24.8
23024.0,14246,1,2000,24.4
23024.0,14246,2,100,10.4
23024.0,14246,2,200,11.5
23024.0,14246,2,300,9.0
23024.0,14246,2,400,10.4
23025.0,17825,1,200,31.0
23025.0,17825,1,400,30.7
23025.0,17825,1,600,30.2
23025.0,17825,1,800,30.5
23025.0,17825,1,1000,30.8
23025.0,17825,1,1200,31.1
23025.0,17825,1,1400,30.5
23025.0,17825,1,1600,30.5
23025.0,17825,1,1800,30.5
23025.0,17825,1,2000,30.9
23025.0,17825,2,100,29.4
23025.0,17825,2,200,29.5
23025.0,17825,2,300,29.3
23025.0,17825,2,400,28.6
23026.0,14246,1,200,26.7
23026.0,14246,1,400,26.3
23026.0,14246,1,600,26.2
23026.0,14246,1,800,26.2
23026.0,14246,1,1000,26.6
23026.0,14246,1,1200,26.4
23026.0,14246,1,1400,26.8
23026.0,14246,1,1600,26.1
23026.0,14246,1,1800,31.4
23026.0,14246,1,2000,26.6
23026.0,14246,2,100,12.4
23026.0,14246,2,200,11.4
23026.0,14246,2,300,11.8
23026.0,14246,2,400,10.9
23027.0,14246,1,200,26.5
23027.0,14246,1,400,28.1
23027.0,14246,1,600,25.7
23027.0,14246,1,800,27.4
23027.0,14246,1,1000,25.8
23027.0,14246,1,1200,26.4
23027.0,14246,1,1400,25.6
23027.0,14246,1,1600,26.4
23027.0,14246,1,1800,26.0
23027.0,14246,1,2000,25.8
23027.0,14246,2,100,10.0
23027.0,14246,2,200,10.9
23027.0,14246,2,300,9.4
23027.0,14246,2,400,9.6
23028.0,17825,1,200,27.0
23028.0,17825,1,400,27.3
23028.0,17825,1,600,27.6
23028.0,17825,1,800,28.6
23028.0,17825,1,1000,26.6
23028.0,17825,1,1200,27.2
23028.0,17825,1,1400,27.3
23028.0,17825,1,1600,27.3
23028.0,17825,1,1800,27.5
23028.0,17825,1,2000,27.4
23028.0,17825,2,100,12.3
23028.0,17825,2,200,12.9
23028.0,17825,2,300,12.0
23028.0,17825,2,400,11.8
23029.0,6379,1,200,28.3
23029.0,6379,1,400,28.2
23029.0,6379,1,600,27.8
23029.0,6379,1,800,27.6
23029.0,6379,1,1000,27.4
23029.0,6379,1,1200,27.5
23029.0,6379,1,1400,27.8
23029.0,6379,1,1600,27.9
23029.0,6379,1,1800,27.6
23029.0,6379,1,2000,27.8
23029.0,6379,2,100,13.4
23029.0,6379,2,200,13.5
23029.0,6379,2,300,13.2
23029.0,6379,2,400,13.4
23030.0,12912,1,200,29.2
23030.0,12912,1,400,28.8
23030.0,12912,1,600,28.2
23030.0,12912,1,800,28.2
23030.0,12912,1,1000,28.9
23030.0,12912,1,1200,28.7
23030.0,12912,1,1400,29.1
23030.0,12912,1,1600,29.0
23030.0,12912,1,1800,28.3
23030.0,12912,1,2000,28.9
23030.0,12912,2,100,10.6
23030.0,12912,2,200,9.6
23030.0,12912,2,300,20.8
23030.0,12912,2,400,9.2
23031.0,14246,1,200,28.2
23031.0,14246,1,400,29.0
23031.0,14246,1,600,30.7
23031.0,14246,1,800,28.4
23031.0,14246,1,1000,29.5
23031.0,14246,1,1200,29.8
23031.0,14246,1,1400,30.0
23031.0,14246,1,1600,29.8
23031.0,14246,1,1800,30.0
23031.0,14246,1,2000,29.6
23031.0,14246,2,100,11.8
23031.0,14246,2,200,
23031.0,14246,2,300,
23031.0,14246,2,400,
23032.0,17825,1,200,28.2
23032.0,17825,1,400,29.0
23032.0,17825,1,600,28.6
23032.0,17825,1,800,29.0
23032.0,17825,1,1000,30.7
23032.0,17825,1,1200,29.7
23032.0,17825,1,1400,29.9
23032.0,17825,1,1600,29.8
23032.0,17825,1,1800,29.8
23032.0,17825,1,2000,29.7
23032.0,17825,2,100,
23032.0,17825,2,200,
23032.0,17825,2,300,
23032.0,17825,2,400,
23033.0,14246,1,200,28.4
23033.0,14246,1,400,29.0
23033.0,14246,1,600,28.6
23033.0,14246,1,800,29.2
23033.0,14246,1,1000,28.6
23033.0,14246,1,1200,28.6
23033.0,14246,1,1400,30.3
23033.0,14246,1,1600,30.3
23033.0,14246,1,1800,29.7
23033.0,14246,1,2000,28.7
23033.0,14246,2,100,16.8
23033.0,14246,2,200,15.9
23033.0,14246,2,300,15.9
23033.0,14246,2,400,15.3
23034.0,12912,1,200,23.3
23034.0,12912,1,400,23.9
23034.0,12912,1,600,24.6
23034.0,12912,1,800,24.4
23034.0,12912,1,1000,24.2
23034.0,12912,1,1200,24.2
23034.0,12912,1,1400,23.8
23034.0,12912,1,1600,22.6
23034.0,12912,1,1800,24.4
23034.0,12912,1,2000,24.3
23034.0,12912,2,100,17.5
23034.0,12912,2,200,15.3
23034.0,12912,2,300,15.7
23034.0,12912,2,400,15.4
23035.0,17825,1,200,25.2
23035.0,17825,1,400,24.6
23035.0,17825,1,600,24.8
23035.0,17825,1,800,24.9
23035.0,17825,1,1000,26.2
23035.0,17825,1,1200,25.0
23035.0,17825,1,1400,24.5
23035.0,17825,1,1600,25.5
23035.0,17825,1,1800,24.3
23035.0,17825,1,2000,26.7
23035.0,17825,2,100,15.4
23035.0,17825,2,200,15.7
23035.0,17825,2,300,14.6
23035.0,17825,2,400,14.8
23036.0,14246,1,200,26.5
23036.0,14246,1,400,25.5
23036.0,14246,1,600,25.8
23036.0,14246,1,800,25.4
23036.0,14246,1,1000,25.4
23036.0,14246,1,1200,25.8
23036.0,14246,1,1400,26.1
23036.0,14246,1,1600,25.9
23036.0,14246,1,1800,26.5
23036.0,14246,1,2000,25.8
23036.0,14246,2,100,12.8
23036.0,14246,2,200,13.0
23036.0,14246,2,300,12.7
23036.0,14246,2,400,12.9
23037.0,17825,1,200,28.6
23037.0,17825,1,400,30.0
23037.0,17825,1,600,28.2
23037.0,17825,1,800,26.8
23037.0,17825,1,1000,27.9
23037.0,17825,1,1200,27.4
23037.0,17825,1,1400,27.8
23037.0,17825,1,1600,28.2
23037.0,17825,1,1800,28.3
23037.0,17825,1,2000,27.8
23037.0,17825,2,100,14.6
23037.0,17825,2,200,13.0
23037.0,17825,2,300,13.4
23037.0,17825,2,400,13.2
23038.0,14246,1,200,23.6
23038.0,14246,1,400,23.0
23038.0,14246,1,600,23.0
23038.0,14246,1,800,23.5
23038.0,14246,1,1000,23.6
23038.0,14246,1,1200,22.9
23038.0,14246,1,1400,22.8
23038.0,14246,1,1600,22.7
23038.0,14246,1,1800,23.0
23038.0,14246,1,2000,22.9
23038.0,14246,2,100,13.5
23038.0,14246,2,200,13.4
23038.0,14246,2,300,13.4
23038.0,14246,2,400,13.5
23039.0,17825,1,200,28.8
23039.0,17825,1,400,28.8
23039.0,17825,1,600,28.5
23039.0,17825,1,800,28.2
23039.0,17825,1,1000,28.5
23039.0,17825,1,1200,28.2
23039.0,17825,1,1400,29.0
23039.0,17825,1,1600,28.7
23039.0,17825,1,1800,28.2
23039.0,17825,1,2000,28.2
23039.0,17825,2,100,15.0
23039.0,17825,2,200,13.1
23039.0,17825,2,300,13.9
23039.0,17825,2,400,13.7
,14246,1,200,26.3
,14246,1,400,26.7
,14246,1,600,26.2
,14246,1,800,26.4
,14246,1,1000,26.3
,14246,1,1200,26.9
,14246,1,1400,26.6
,14246,1,1600,26.2
,14246,1,1800,26.0
,14246,1,2000,26.6
,14246,2,100,25.4
,14246,2,200,24.6
,14246,2,300,25.0
,14246,2,400,24.7
23040.0,14246,1,200,27.4
23040.0,14246,1,400,27.4
23040.0,14246,1,600,27.4
23040.0,14246,1,800,27.0
23040.0,14246,1,1000,27.3
23040.0,14246,1,1200,27.8
23040.0,14246,1,1400,27.8
23040.0,14246,1,1600,27.4
23040.0,14246,1,1800,27.8
23040.0,14246,1,2000,28.3
23040.0,14246,2,100,28.2
23040.0,14246,2,200,
23040.0,14246,2,300,
23040.0,14246,2,400,
23040.0,17825,1,200,23.4
23041.0,17825,1,400,23.2
23041.0,17825,1,600,23.2
23041.0,17825,1,800,23.3
23041.0,17825,1,1000,23.0
23041.0,17825,1,1200,23.4
23041.0,17825,1,1400,23.4
23041.0,17825,1,1600,23.3
23041.0,17825,1,1800,23.3
23041.0,17825,1,2000,23.3
23041.0,17825,2,100,21.7
23041.0,17825,2,200,21.8
23041.0,17825,2,300,21.0
23041.0,17825,2,400,20.5
23042.0,17825,1,200,24.6
23042.0,17825,1,400,24.4
23042.0,17825,1,600,24.2
23042.0,17825,1,800,24.3
23042.0,17825,1,1000,24.2
23042.0,17825,1,1200,24.4
23042.0,17825,1,1400,24.6
23042.0,17825,1,1600,24.6
23042.0,17825,1,1800,24.5
23042.0,17825,1,2000,24.2
23042.0,17825,2,100,18.7
23042.0,17825,2,200,17.8
23042.0,17825,2,300,18.5
23042.0,17825,2,400,18.2
23044.0,17825,1,200,22.7
23044.0,17825,1,400,23.1
23044.0,17825,1,600,23.0
23044.0,17825,1,800,23.1
23044.0,17825,1,1000,24.0
23044.0,17825,1,1200,23.4
23044.0,17825,1,1400,23.2
23044.0,17825,1,1600,23.1
23044.0,17825,1,1800,23.6
23044.0,17825,1,2000,23.4
23044.0,17825,2,100,11.5
23044.0,17825,2,200,11.7
23044.0,17825,2,300,11.8
23044.0,17825,2,400,11.5
23043.0,14246,1,200,27.4
23043.0,14246,1,400,25.8
23043.0,14246,1,600,25.7
23043.0,14246,1,800,24.1
23043.0,14246,1,1000,24.1
23043.0,14246,1,1200,24.7
23043.0,14246,1,1400,24.0
23043.0,14246,1,1600,24.7
23043.0,14246,1,1800,24.2
23043.0,14246,1,2000,24.5
23043.0,14246,2,100,19.2
23043.0,14246,2,200,18.7
23043.0,14246,2,300,18.3
23043.0,14246,2,400,18.3
23045.0,17825,1,200,28.2
23045.0,17825,1,400,28.1
23045.0,17825,1,600,27.8
23045.0,17825,1,800,28.1
23045.0,17825,1,1000,27.6
23045.0,17825,1,1200,27.8
23045.0,17825,1,1400,27.6
23045.0,17825,1,1600,27.4
23045.0,17825,1,1800,27.8
23045.0,17825,1,2000,28.1
23045.0,17825,2,100,16.0
23045.0,17825,2,200,15.4
23045.0,17825,2,300,15.7
23045.0,17825,2,400,15.6
23046.0,14246,1,200,23.1
23046.0,14246,1,400,21.5
23046.0,14246,1,600,21.4
23046.0,14246,1,800,21.1
23046.0,14246,1,1000,21.5
23046.0,14246,1,1200,21.6
23046.0,14246,1,1400,21.8
23046.0,14246,1,1600,22.4
23046.0,14246,1,1800,22.2
23046.0,14246,1,2000,22.7
23046.0,14246,2,100,15.1
23046.0,14246,2,200,14.6
23046.0,14246,2,300,14.3
23046.0,14246,2,400,14.7
23047.0,17825,1,200,28.2
23047.0,17825,1,400,27.0
23047.0,17825,1,600,26.6
23047.0,17825,1,800,26.3
23047.0,17825,1,1000,27.4
23047.0,17825,1,1200,26.7
23047.0,17825,1,1400,26.6
23047.0,17825,1,1600,26.2
23047.0,17825,1,1800,26.1
23047.0,17825,1,2000,26.3
23047.0,17825,2,100,19.4
23047.0,17825,2,200,19.0
23047.0,17825,2,300,19.6
23047.0,17825,2,400,19.1
,17825,1,200,24.6
,17825,1,400,24.6
,17825,1,600,23.9
,17825,1,800,24.5
,17825,1,1000,24.2
,17825,1,1200,25.0
,17825,1,1400,24.4
,17825,1,1600,24.7
,17825,1,1800,25.0
,17825,1,2000,24.6
,17825,2,100,19.4
,17825,2,200,18.6
,17825,2,300,18.5
,17825,2,400,19.0
23048.0,14246,1,200,22.5
23048.0,14246,1,400,21.7
23048.0,14246,1,600,21.8
23048.0,14246,1,800,21.6
23048.0,14246,1,1000,21.8
23048.0,14246,1,1200,21.8
23048.0,14246,1,1400,22.0
23048.0,14246,1,1600,21.8
23048.0,14246,1,1800,21.9
23048.0,14246,1,2000,21.8
23048.0,14246,2,100,19.2
23048.0,14246,2,200,20.2
23048.0,14246,2,300,20.0
23048.0,14246,2,400,19.9
23049.0,17825,1,200,21.2
23049.0,17825,1,400,22.2
23049.0,17825,1,600,21.8
23049.0,17825,1,800,21.0
23049.0,17825,1,1000,21.4
23049.0,17825,1,1200,21.2
23049.0,17825,1,1400,21.0
23049.0,17825,1,1600,21.2
23049.0,17825,1,1800,21.5
23049.0,17825,1,2000,21.4
23049.0,17825,2,100,29.9
23049.0,17825,2,200,23.8
23049.0,17825,2,300,24.5
23049.0,17825,2,400,25.2
23050.0,17825,1,200,24.3
23050.0,17825,1,400,24.1
23050.0,17825,1,600,24.2
23050.0,17825,1,800,24.2
23050.0,17825,1,1000,24.5
23050.0,17825,1,1200,24.3
23050.0,17825,1,1400,24.2
23050.0,17825,1,1600,24.5
23050.0,17825,1,1800,24.4
23050.0,17825,1,2000,24.2
23050.0,17825,2,100,70.0
23050.0,17825,2,200,21.4
23050.0,17825,2,300,21.2
23050.0,17825,2,400,21.3
23051.0,14246,1,200,22.4
23051.0,14246,1,400,22.2
23051.0,14246,1,600,22.0
23051.0,14246,1,800,21.9
23051.0,14246,1,1000,22.3
23051.0,14246,1,1200,22.1
23051.0,14246,1,1400,22.2
23051.0,14246,1,1600,21.1
23051.0,14246,1,1800,20.6
23051.0,14246,1,2000,20.0
23051.0,14246,2,100,13.8
23051.0,14246,2,200,14.0
23051.0,14246,2,300,13.7
23051.0,14246,2,400,13.5
23052.0,14246,1,200,26.6
23052.0,14246,1,400,26.2
23052.0,14246,1,600,25.5
23052.0,14246,1,800,25.8
23052.0,14246,1,1000,26.1
23052.0,14246,1,1200,25.5
23052.0,14246,1,1400,25.8
23052.0,14246,1,1600,26.2
23052.0,14246,1,1800,26.3
23052.0,14246,1,2000,
23052.0,14246,2,100,22.7
23052.0,14246,2,200,22.6
23052.0,14246,2,300,23.1
23052.0,14246,2,400,23.0
23053.0,17825,1,200,25.0
23053.0,17825,1,400,24.7
23053.0,17825,1,600,24.3
23053.0,17825,1,800,24.6
23053.0,17825,1,1000,24.6
23053.0,17825,1,1200,24.6
23053.0,17825,1,1400,24.2
23053.0,17825,1,1600,23.7
23053.0,17825,1,1800,23.9
23053.0,17825,1,2000,24.2
23053.0,17825,2,100,14.5
23053.0,17825,2,200,12.6
23053.0,17825,2,300,15.1
23053.0,17825,2,400,14.6
23054.0,14246,1,200,24.2
23054.0,14246,1,400,23.1
23054.0,14246,1,600,26.4
23054.0,14246,1,800,24.0
23054.0,14246,1,1000,24.3
23054.0,14246,1,1200,24.1
23054.0,14246,1,1400,24.2
23054.0,14246,1,1600,23.9
23054.0,14246,1,1800,23.9
23054.0,14246,1,2000,24.9
23054.0,14246,2,100,30.2
23054.0,14246,2,200,28.8
23054.0,14246,2,300,28.7
23054.0,14246,2,400,29.0
23055.0,17825,1,200,26.7
23055.0,17825,1,400,26.6
23055.0,17825,1,600,24.0
23055.0,17825,1,800,27.0
23055.0,17825,1,1000,26.7
23055.0,17825,1,1200,26.5
23055.0,17825,1,1400,26.2
23055.0,17825,1,1600,26.8
23055.0,17825,1,1800,26.6
23055.0,17825,1,2000,26.3
23055.0,17825,2,100,24.1
23055.0,17825,2,200,22.6
23055.0,17825,2,300,23.8
23055.0,17825,2,400,23.8
23056.0,14246,1,200,29.5
23056.0,14246,1,400,29.3
23056.0,14246,1,600,29.0
23056.0,14246,1,800,29.5
23056.0,14246,1,1000,27.4
23056.0,14246,1,1200,27.6
23056.0,14246,1,1400,29.4
23056.0,14246,1,1600,29.4
23056.0,14246,1,1800,29.3
23056.0,14246,1,2000,29.8
23056.0,14246,2,100,23.4
23056.0,14246,2,200,23.8
23056.0,14246,2,300,23.5
23056.0,14246,2,400,22.3
23057.0,17825,1,200,27.1
23057.0,17825,1,400,27.1
23057.0,17825,1,600,27.3
23057.0,17825,1,800,26.4
23057.0,17825,1,1000,27.0
23057.0,17825,1,1200,27.1
23057.0,17825,1,1400,27.4
23057.0,17825,1,1600,26.9
23057.0,17825,1,1800,27.0
23057.0,17825,1,2000,27.3
23057.0,17825,2,100,20.8
23057.0,17825,2,200,21.7
23057.0,17825,2,300,21.1
23057.0,17825,2,400,21.3
23060.0,14246,1,200,24.4
23060.0,14246,1,400,23.3
23060.0,14246,1,600,23.3
23060.0,14246,1,800,23.4
23060.0,14246,1,1000,23.5
23060.0,14246,1,1200,23.8
23060.0,14246,1,1400,24.2
23060.0,14246,1,1600,24.3
23060.0,14246,1,1800,24.1
23060.0,14246,1,2000,23.8
23060.0,14246,2,100,20.2
23060.0,14246,2,200,20.4
23060.0,14246,2,300,20.1
23060.0,14246,2,400,20.2
23061.0,17825,1,200,25.7
23061.0,17825,1,400,25.8
23061.0,17825,1,600,25.0
23061.0,17825,1,800,25.6
23061.0,17825,1,1000,25.9
23061.0,17825,1,1200,25.8
23061.0,17825,1,1400,26.2
23061.0,17825,1,1600,26.1
23061.0,17825,1,1800,25.8
23061.0,17825,1,2000,25.9
23061.0,17825,2,100,21.0
23061.0,17825,2,200,20.9
23061.0,17825,2,300,20.4
23061.0,17825,2,400,21.2
,14246,1,200,26.2
,14246,1,400,26.3
,14246,1,600,30.2
,14246,1,800,26.3
,14246,1,1000,26.7
,14246,1,1200,26.6
,14246,1,1400,26.7
,14246,1,1600,26.7
,14246,1,1800,26.6
,14246,1,2000,26.5
,14246,2,100,25.4
,14246,2,200,18.6
,14246,2,300,16.4
,14246,2,400,12.2
23062.0,17825,1,200,26.5
23062.0,17825,1,400,26.8
23062.0,17825,1,600,25.9
23062.0,17825,1,800,25.8
23062.0,17825,1,1000,26.2
23062.0,17825,1,1200,26.5
23062.0,17825,1,1400,26.1
23062.0,17825,1,1600,25.9
23062.0,17825,1,1800,26.2
23062.0,17825,1,2000,25.8
23062.0,17825,2,100,20.0
23062.0,17825,2,200,22.6
23062.0,17825,2,300,19.8
23062.0,17825,2,400,18.9
23063.0,14246,1,200,25.4
23063.0,14246,1,400,25.4
23063.0,14246,1,600,25.4
23063.0,14246,1,800,25.5
23063.0,14246,1,1000,25.8
23063.0,14246,1,1200,25.1
23063.0,14246,1,1400,25.4
23063.0,14246,1,1600,28.5
23063.0,14246,1,1800,25.8
23063.0,14246,1,2000,26.5
23063.0,14246,2,100,15.8
23063.0,14246,2,200,15.9
23063.0,14246,2,300,15.6
23063.0,14246,2,400,15.8
23064.0,14246,1,200,27.0
23064.0,14246,1,400,26.9
23064.0,14246,1,600,26.9
23064.0,14246,1,800,26.7
23064.0,14246,1,1000,27.2
23064.0,14246,1,1200,27.0
23064.0,14246,1,1400,27.6
23064.0,14246,1,1600,27.4
23064.0,14246,1,1800,27.9
23064.0,14246,1,2000,28.5
23064.0,14246,2,100,26.7
23064.0,14246,2,200,26.2
23064.0,14246,2,300,26.6
23064.0,14246,2,400,26.5
23065.0,17825,1,200,27.2
23065.0,17825,1,400,27.6
23065.0,17825,1,600,27.8
23065.0,17825,1,800,27.8
23065.0,17825,1,1000,27.1
23065.0,17825,1,1200,27.6
23065.0,17825,1,1400,27.6
23065.0,17825,1,1600,28.2
23065.0,17825,1,1800,28.1
23065.0,17825,1,2000,28.2
23065.0,17825,2,100,20.6
23065.0,17825,2,200,19.0
23065.0,17825,2,300,20.3
23065.0,17825,2,400,20.2
23067.0,14246,1,200,24.0
23067.0,14246,1,400,22.8
23067.0,14246,1,600,24.1
23067.0,14246,1,800,23.1
23067.0,14246,1,1000,22.8
23067.0,14246,1,1200,23.5
23067.0,14246,1,1400,23.1
23067.0,14246,1,1600,24.1
23067.0,14246,1,1800,23.6
23067.0,14246,1,2000,24.2
23067.0,14246,2,100,17.8
23067.0,14246,2,200,17.7
23067.0,14246,2,300,15.8
23067.0,14246,2,400,16.1
23068.0,14246,1,200,24.2
23068.0,14246,1,400,24.1
23068.0,14246,1,600,23.9
23068.0,14246,1,800,23.8
23068.0,14246,1,1000,24.2
23068.0,14246,1,1200,24.2
23068.0,14246,1,1400,24.2
23068.0,14246,1,1600,24.3
23068.0,14246,1,1800,24.6
23068.0,14246,1,2000,24.5
23068.0,14246,2,100,23.2
23068.0,14246,2,200,22.6
23068.0,14246,2,300,22.5
23068.0,14246,2,400,19.5
23069.0,17825,1,200,23.3
23069.0,17825,1,400,23.2
23069.0,17825,1,600,24.1
23069.0,17825,1,800,23.5
23069.0,17825,1,1000,23.8
23069.0,17825,1,1200,23.8
23069.0,17825,1,1400,24.1
23069.0,17825,1,1600,23.5
23069.0,17825,1,1800,23.8
23069.0,17825,1,2000,23.5
23069.0,17825,2,100,19.0
23069.0,17825,2,200,18.8
23069.0,17825,2,300,18.0
23069.0,17825,2,400,17.4
23066.0,17825,1,200,25.1
23066.0,17825,1,400,24.5
23066.0,17825,1,600,25.0
23066.0,17825,1,800,24.6
23066.0,17825,1,1000,25.5
23066.0,17825,1,1200,26.1
23066.0,17825,1,1400,24.6
23066.0,17825,1,1600,25.9
23066.0,17825,1,1800,25.0
23066.0,17825,1,2000,24.6
23066.0,17825,2,100,
23066.0,17825,2,200,10.5
23066.0,17825,2,300,16.0
23066.0,17825,2,400,16.2
23070.0,14246,1,200,26.6
23070.0,14246,1,400,25.7
23070.0,14246,1,600,25.4
23070.0,14246,1,800,25.5
23070.0,14246,1,1000,25.6
23070.0,14246,1,1200,25.9
23070.0,14246,1,1400,25.8
23070.0,14246,1,1600,26.8
23070.0,14246,1,1800,24.9
23070.0,14246,1,2000,25.0
23070.0,14246,2,100,15.6
23070.0,14246,2,200,14.8
23070.0,14246,2,300,15.4
23070.0,14246,2,400,15.4
23071.0,14246,1,200,28.6
23071.0,14246,1,400,28.2
23071.0,14246,1,600,27.1
23071.0,14246,1,800,27.8
23071.0,14246,1,1000,28.6
23071.0,14246,1,1200,28.1
23071.0,14246,1,1400,28.2
23071.0,14246,1,1600,29.0
23071.0,14246,1,1800,28.6
23071.0,14246,1,2000,29.4
23071.0,14246,2,100,27.3
23071.0,14246,2,200,26.6
23071.0,14246,2,300,26.5
23071.0,14246,2,400,27.0
23072.0,17825,1,200,23.9
23072.0,17825,1,400,23.3
23072.0,17825,1,600,25.0
23072.0,17825,1,800,24.1
23072.0,17825,1,1000,24.2
23072.0,17825,1,1200,24.6
23072.0,17825,1,1400,24.6
23072.0,17825,1,1600,24.7
23072.0,17825,1,1800,24.8
23072.0,17825,1,2000,23.4
23072.0,17825,2,100,22.6
23072.0,17825,2,200,22.9
23072.0,17825,2,300,23.0
23072.0,17825,2,400,22.3
23073.0,14246,1,200,28.6
23073.0,14246,1,400,26.6
23073.0,14246,1,600,27.8
23073.0,14246,1,800,27.8
23073.0,14246,1,1000,28.4
23073.0,14246,1,1200,31.8
23073.0,14246,1,1400,31.8
23073.0,14246,1,1600,32.0
23073.0,14246,1,1800,31.7
23073.0,14246,1,2000,31.8
23073.0,14246,2,100,28.3
23073.0,14246,2,200,26.4
23073.0,14246,2,300,26.4
23073.0,14246,2,400,25.8
23075.0,17825,1,200,30.2
23075.0,17825,1,400,29.8
23075.0,17825,1,600,30.2
23075.0,17825,1,800,29.5
23075.0,17825,1,1000,29.9
23075.0,17825,1,1200,31.4
23075.0,17825,1,1400,31.8
23075.0,17825,1,1600,31.7
23075.0,17825,1,1800,31.5
23075.0,17825,1,2000,31.4
23075.0,17825,2,100,21.4
23075.0,17825,2,200,21.1
23075.0,17825,2,300,19.8
23075.0,17825,2,400,20.0
23074.0,14246,1,200,26.5
23074.0,14246,1,400,25.9
23074.0,14246,1,600,26.3
23074.0,14246,1,800,26.8
23074.0,14246,1,1000,26.6
23074.0,14246,1,1200,26.6
23074.0,14246,1,1400,26.6
23074.0,14246,1,1600,26.6
23074.0,14246,1,1800,27.3
23074.0,14246,1,2000,27.0
23074.0,14246,2,100,22.2
23074.0,14246,2,200,22.3
23074.0,14246,2,300,23.2
23074.0,14246,2,400,22.6
23076.0,17825,1,200,30.8
23076.0,17825,1,400,30.9
23076.0,17825,1,600,30.9
23076.0,17825,1,800,30.7
23076.0,17825,1,1000,30.9
23076.0,17825,1,1200,31.5
23076.0,17825,1,1400,31.6
23076.0,17825,1,1600,31.5
23076.0,17825,1,1800,31.1
23076.0,17825,1,2000,31.4
23076.0,17825,2,100,25.8
23076.0,17825,2,200,26.4
23076.0,17825,2,300,26.6
23076.0,17825,2,400,26.3
23077.0,14246,1,200,29.8
23077.0,14246,1,400,29.4
23077.0,14246,1,600,29.0
23077.0,14246,1,800,29.8
23077.0,14246,1,1000,31.0
23077.0,14246,1,1200,30.7
23077.0,14246,1,1400,30.1
23077.0,14246,1,1600,30.3
23077.0,14246,1,1800,29.8
23077.0,14246,1,2000,30.5
23077.0,14246,2,100,17.0
23077.0,14246,2,200,21.2
23077.0,14246,2,300,25.0
23077.0,14246,2,400,20.2
23078.0,17825,1,200,31.9
23078.0,17825,1,400,30.7
23078.0,17825,1,600,31.8
23078.0,17825,1,800,31.3
23078.0,17825,1,1000,31.8
23078.0,17825,1,1200,31.5
23078.0,17825,1,1400,32.5
23078.0,17825,1,1600,31.8
23078.0,17825,1,1800,31.7
23078.0,17825,1,2000,31.4
23078.0,17825,2,100,19.5
23078.0,17825,2,200,21.0
23078.0,17825,2,300,20.9
23078.0,17825,2,400,20.6
23079.0,14246,1,200,31.9
23079.0,14246,1,400,31.3
23079.0,14246,1,600,32.1
23079.0,14246,1,800,31.7
23079.0,14246,1,1000,32.1
23079.0,14246,1,1200,31.8
23079.0,14246,1,1400,31.8
23079.0,14246,1,1600,31.5
23079.0,14246,1,1800,31.0
23079.0,14246,1,2000,31.4
23079.0,14246,2,100,22.4
23079.0,14246,2,200,22.6
23079.0,14246,2,300,22.6
23079.0,14246,2,400,22.9
23080.0,17825,1,200,31.4
23080.0,17825,1,400,31.0
23080.0,17825,1,600,31.3
23080.0,17825,1,800,31.8
23080.0,17825,1,1000,31.8
23080.0,17825,1,1200,31.7
23080.0,17825,1,1400,30.6
23080.0,17825,1,1600,31.6
23080.0,17825,1,1800,31.7
23080.0,17825,1,2000,31.8
23080.0,17825,2,100,22.8
23080.0,17825,2,200,22.6
23080.0,17825,2,300,23.0
23080.0,17825,2,400,22.7
23083.0,17825,1,200,137.6
23083.0,17825,1,400,134.4
23083.0,17825,1,600,136.0
23083.0,17825,1,800,144.8
23083.0,17825,1,1000,149.6
23083.0,17825,1,1200,148.0
23083.0,17825,1,1400,124.8
23083.0,17825,1,1600,140.0
23083.0,17825,1,1800,151.2
23083.0,17825,1,2000,147.2
23083.0,17825,2,100,157.8
23083.0,17825,2,200,154.2
23083.0,17825,2,300,156.9
23083.0,17825,2,400,157.0
23084.0,14246,1,200,151.2
23084.0,14246,1,400,152.0
23084.0,14246,1,600,166.4
23084.0,14246,1,800,168.8
23084.0,14246,1,1000,175.2
23084.0,14246,1,1200,184.0
23084.0,14246,1,1400,164.8
23084.0,14246,1,1600,178.8
23084.0,14246,1,1800,184.5
23084.0,14246,1,2000,
23084.0,14246,2,100,152.0
23084.0,14246,2,200,141.0
23084.0,14246,2,300,154.8
23084.0,14246,2,400,151.4
,14246,1,200,29.9
,14246,1,400,32.6
,14246,1,600,33.0
,14246,1,800,32.6
,14246,1,1000,33.3
,14246,1,1200,31.2
,14246,1,1400,33.1
,14246,1,1600,33.4
,14246,1,1800,32.4
,14246,1,2000,33.0
,14246,2,100,21.9
,14246,2,200,18.9
,14246,2,300,20.6
,14246,2,400,20.2
23081.0,17825,1,200,28.2
23081.0,17825,1,400,28.9
23081.0,17825,1,600,29.0
23081.0,17825,1,800,29.0
23081.0,17825,1,1000,29.0
23081.0,17825,1,1200,29.0
23081.0,17825,1,1400,28.8
23081.0,17825,1,1600,29.2
23081.0,17825,1,1800,29.1
23081.0,17825,1,2000,28.9
23081.0,17825,2,100,15.4
23081.0,17825,2,200,14.9
23081.0,17825,2,300,15.4
23081.0,17825,2,400,15.4
23082.0,14246,1,200,29.4
23082.0,14246,1,400,31.6
23082.0,14246,1,600,32.1
23082.0,14246,1,800,31.0
23082.0,14246,1,1000,30.7
23082.0,14246,1,1200,30.7
23082.0,14246,1,1400,29.4
23082.0,14246,1,1600,29.0
23082.0,14246,1,1800,29.5
23082.0,14246,1,2000,29.0
23082.0,14246,2,100,22.2
23082.0,14246,2,200,19.9
23082.0,14246,2,300,6.5
23082.0,14246,2,400,23.0
23085.0,14246,1,200,26.6
23085.0,14246,1,400,28.6
23085.0,14246,1,600,29.7
23085.0,14246,1,800,30.6
23085.0,14246,1,1000,29.1
23085.0,14246,1,1200,29.9
23085.0,14246,1,1400,28.6
23085.0,14246,1,1600,28.7
23085.0,14246,1,1800,28.6
23085.0,14246,1,2000,28.6
23085.0,14246,2,100,17.8
23085.0,14246,2,200,17.4
23085.0,14246,2,300,17.7
23085.0,14246,2,400,17.5
23086.0,17825,1,200,32.2
23086.0,17825,1,400,32.1
23086.0,17825,1,600,31.4
23086.0,17825,1,800,28.6
23086.0,17825,1,1000,30.2
23086.0,17825,1,1200,30.2
23086.0,17825,1,1400,29.6
23086.0,17825,1,1600,29.9
23086.0,17825,1,1800,30.5
23086.0,17825,1,2000,31.0
23086.0,17825,2,100,20.6
23086.0,17825,2,200,22.6
23086.0,17825,2,300,23.1
23086.0,17825,2,400,21.9
23087.0,14246,1,200,36.6
23087.0,14246,1,400,36.6
23087.0,14246,1,600,34.3
23087.0,14246,1,800,35.7
23087.0,14246,1,1000,36.5
23087.0,14246,1,1200,36.6
23087.0,14246,1,1400,37.4
23087.0,14246,1,1600,37.6
23087.0,14246,1,1800,37.7
23087.0,14246,1,2000,38.7
23087.0,14246,2,100,45.0
23087.0,14246,2,200,42.9
23087.0,14246,2,300,44.1
23087.0,14246,2,400,43.9
23088.0,14246,1,200,32.3
23088.0,14246,1,400,31.1
23088.0,14246,1,600,32.5
23088.0,14246,1,800,30.8
23088.0,14246,1,1000,31.3
23088.0,14246,1,1200,31.7
23088.0,14246,1,1400,31.2
23088.0,14246,1,1600,32.4
23088.0,14246,1,1800,31.7
23088.0,14246,1,2000,31.8
23088.0,14246,2,100,20.6
23088.0,14246,2,200,21.6
23088.0,14246,2,300,21.9
23088.0,14246,2,400,21.8
23093.0,14246,1,200,30.1
23093.0,14246,1,400,29.4
23093.0,14246,1,600,28.3
23093.0,14246,1,800,28.2
23093.0,14246,1,1000,28.6
23093.0,14246,1,1200,28.2
23093.0,14246,1,1400,28.7
23093.0,14246,1,1600,29.2
23093.0,14246,1,1800,28.9
23093.0,14246,1,2000,29.5
23093.0,14246,2,100,24.1
23093.0,14246,2,200,20.5
23093.0,14246,2,300,19.5
23093.0,14246,2,400,18.4
23089.0,17825,1,200,30.2
23089.0,17825,1,400,30.3
23089.0,17825,1,600,30.4
23089.0,17825,1,800,30.5
23089.0,17825,1,1000,30.9
23089.0,17825,1,1200,30.1
23089.0,17825,1,1400,30.4
23089.0,17825,1,1600,30.8
23089.0,17825,1,1800,30.6
23089.0,17825,1,2000,30.4
23089.0,17825,2,100,18.2
23089.0,17825,2,200,18.9
23089.0,17825,2,300,17.2
23089.0,17825,2,400,17.4
23090.0,12912,1,200,27.3
23090.0,12912,1,400,26.6
23090.0,12912,1,600,26.8
23090.0,12912,1,800,27.0
23090.0,12912,1,1000,26.8
23090.0,12912,1,1200,27.2
23090.0,12912,1,1400,26.6
23090.0,12912,1,1600,27.1
23090.0,12912,1,1800,26.8
23090.0,12912,1,2000,27.4
23090.0,12912,2,100,14.7
23090.0,12912,2,200,11.4
23090.0,12912,2,300,12.7
23090.0,12912,2,400,13.7
23091.0,14246,1,200,25.0
23091.0,14246,1,400,25.0
23091.0,14246,1,600,24.2
23091.0,14246,1,800,24.0
23091.0,14246,1,1000,24.5
23091.0,14246,1,1200,24.6
23091.0,14246,1,1400,24.8
23091.0,14246,1,1600,24.7
23091.0,14246,1,1800,24.8
23091.0,14246,1,2000,24.4
23091.0,14246,2,100,25.5
23091.0,14246,2,200,27.0
23091.0,14246,2,300,26.1
23091.0,14246,2,400,26.5
23092.0,17825,1,200,32.1
23092.0,17825,1,400,31.2
23092.0,17825,1,600,32.2
23092.0,17825,1,800,31.9
23092.0,17825,1,1000,31.4
23092.0,17825,1,1200,31.8
23092.0,17825,1,1400,32.0
23092.0,17825,1,1600,31.8
23092.0,17825,1,1800,32.1
23092.0,17825,1,2000,31.9
23092.0,17825,2,100,28.5
23092.0,17825,2,200,26.5
23092.0,17825,2,300,26.8
23092.0,17825,2,400,27.4
23094.0,17825,1,200,21.2
23094.0,17825,1,400,21.4
23094.0,17825,1,600,21.7
23094.0,17825,1,800,22.2
23094.0,17825,1,1000,24.5
23094.0,17825,1,1200,23.0
23094.0,17825,1,1400,22.6
23094.0,17825,1,1600,22.8
23094.0,17825,1,1800,22.2
23094.0,17825,1,2000,22.7
23094.0,17825,2,100,10.3
23094.0,17825,2,200,10.0
23094.0,17825,2,300,10.0
23094.0,17825,2,400,10.2
23095.0,12912,1,200,22.1
23095.0,12912,1,400,21.8
23095.0,12912,1,600,22.6
23095.0,12912,1,800,21.2
23095.0,12912,1,1000,21.4
23095.0,12912,1,1200,21.8
23095.0,12912,1,1400,22.2
23095.0,12912,1,1600,21.7
23095.0,12912,1,1800,21.2
23095.0,12912,1,2000,21.5
23095.0,12912,2,100,10.5
23095.0,12912,2,200,10.2
23095.0,12912,2,300,10.2
23095.0,12912,2,400,10.5
23096.0,14246,1,200,25.8
23096.0,14246,1,400,25.9
23096.0,14246,1,600,25.0
23096.0,14246,1,800,24.4
23096.0,14246,1,1000,24.5
23096.0,14246,1,1200,25.1
23096.0,14246,1,1400,25.4
23096.0,14246,1,1600,26.2
23096.0,14246,1,1800,25.4
23096.0,14246,1,2000,25.0
23096.0,14246,2,100,18.6
23096.0,14246,2,200,18.4
23096.0,14246,2,300,18.7
23096.0,14246,2,400,18.7
23097.0,12912,1,200,28.7
23097.0,12912,1,400,28.0
23097.0,12912,1,600,27.5
23097.0,12912,1,800,27.2
23097.0,12912,1,1000,28.9
23097.0,12912,1,1200,29.2
23097.0,12912,1,1400,27.8
23097.0,12912,1,1600,27.8
23097.0,12912,1,1800,28.1
23097.0,12912,1,2000,29.0
23097.0,12912,2,100,20.6
23097.0,12912,2,200,20.3
23097.0,12912,2,300,20.4
23097.0,12912,2,400,20.7
23098.0,17825,1,200,30.2
23098.0,17825,1,400,30.5
23098.0,17825,1,600,29.8
23098.0,17825,1,800,29.6
23098.0,17825,1,1000,30.4
23098.0,17825,1,1200,30.1
23098.0,17825,1,1400,30.2
23098.0,17825,1,1600,29.7
23098.0,17825,1,1800,30.2
23098.0,17825,1,2000,30.1
23098.0,17825,2,100,15.0
23098.0,17825,2,200,15.4
23098.0,17825,2,300,15.3
23098.0,17825,2,400,15.6
23099.0,12912,1,200,33.6
23099.0,12912,1,400,31.1
23099.0,12912,1,600,33.8
23099.0,12912,1,800,33.8
23099.0,12912,1,1000,32.6
23099.0,12912,1,1200,34.1
23099.0,12912,1,1400,33.8
23099.0,12912,1,1600,33.5
23099.0,12912,1,1800,32.9
23099.0,12912,1,2000,
23099.0,12912,2,100,22.1
23099.0,12912,2,200,22.6
23099.0,12912,2,300,21.9
23099.0,12912,2,400,22.3
23100.0,17825,1,200,33.6
23100.0,17825,1,400,33.7
23100.0,17825,1,600,33.0
23100.0,17825,1,800,33.8
23100.0,17825,1,1000,32.5
23100.0,17825,1,1200,33.0
23100.0,17825,1,1400,32.9
23100.0,17825,1,1600,33.8
23100.0,17825,1,1800,33.4
23100.0,17825,1,2000,
23100.0,17825,2,100,17.4
23100.0,17825,2,200,17.9
23100.0,17825,2,300,17.7
23100.0,17825,2,400,18.1
23101.0,14246,1,200,28.1
23101.0,14246,1,400,28.0
23101.0,14246,1,600,28.9
23101.0,14246,1,800,27.9
23101.0,14246,1,1000,27.8
23101.0,14246,1,1200,27.4
23101.0,14246,1,1400,27.8
23101.0,14246,1,1600,27.9
23101.0,14246,1,1800,27.7
23101.0,14246,1,2000,27.2
23101.0,14246,2,100,20.0
23101.0,14246,2,200,19.8
23101.0,14246,2,300,19.4
23101.0,14246,2,400,19.9
23102.0,12912,1,200,31.5
23102.0,12912,1,400,31.0
23102.0,12912,1,600,30.9
23102.0,12912,1,800,31.4
23102.0,12912,1,1000,31.0
23102.0,12912,1,1200,30.1
23102.0,12912,1,1400,30.5
23102.0,12912,1,1600,30.7
23102.0,12912,1,1800,30.7
23102.0,12912,1,2000,31.0
23102.0,12912,2,100,20.6
23102.0,12912,2,200,19.7
23102.0,12912,2,300,19.1
23102.0,12912,2,400,19.4
23106.0,14246,1,200,27.8
23106.0,14246,1,400,27.8
23106.0,14246,1,600,27.8
23106.0,14246,1,800,27.7
23106.0,14246,1,1000,27.6
23106.0,14246,1,1200,27.4
23106.0,14246,1,1400,27.4
23106.0,14246,1,1600,27.4
23106.0,14246,1,1800,28.0
23106.0,14246,1,2000,27.5
23106.0,14246,2,100,27.1
23106.0,14246,2,200,27.0
23106.0,14246,2,300,24.3
23106.0,14246,2,400,25.5
23107.0,17825,1,200,30.8
23107.0,17825,1,400,31.0
23107.0,17825,1,600,30.6
23107.0,17825,1,800,31.0
23107.0,17825,1,1000,31.2
23107.0,17825,1,1200,31.4
23107.0,17825,1,1400,31.6
23107.0,17825,1,1600,30.6
23107.0,17825,1,1800,30.7
23107.0,17825,1,2000,30.6
23107.0,17825,2,100,25.3
23107.0,17825,2,200,24.6
23107.0,17825,2,300,23.1
23107.0,17825,2,400,22.2
23103.0,14246,1,200,30.6
23103.0,14246,1,400,28.0
23103.0,14246,1,600,29.7
23103.0,14246,1,800,29.3
23103.0,14246,1,1000,30.5
23103.0,14246,1,1200,30.2
23103.0,14246,1,1400,30.7
23103.0,14246,1,1600,31.1
23103.0,14246,1,1800,30.2
23103.0,14246,1,2000,30.6
23103.0,14246,2,100,26.5
23103.0,14246,2,200,27.5
23103.0,14246,2,300,27.8
23103.0,14246,2,400,27.1
23104.0,12912,1,200,29.5
23104.0,12912,1,400,30.8
23104.0,12912,1,600,28.0
23104.0,12912,1,800,29.4
23104.0,12912,1,1000,30.2
23104.0,12912,1,1200,28.9
23104.0,12912,1,1400,27.8
23104.0,12912,1,1600,28.6
23104.0,12912,1,1800,27.8
23104.0,12912,1,2000,28.2
23104.0,12912,2,100,24.0
23104.0,12912,2,200,23.7
23104.0,12912,2,300,23.3
23104.0,12912,2,400,23.7
23105.0,17825,1,200,31.4
23105.0,17825,1,400,31.0
23105.0,17825,1,600,30.3
23105.0,17825,1,800,30.6
23105.0,17825,1,1000,30.8
23105.0,17825,1,1200,29.8
23105.0,17825,1,1400,30.4
23105.0,17825,1,1600,30.9
23105.0,17825,1,1800,30.3
23105.0,17825,1,2000,30.2
23105.0,17825,2,100,27.0
23105.0,17825,2,200,28.0
23105.0,17825,2,300,27.8
23105.0,17825,2,400,27.8
23108.0,12912,1,200,32.0
23108.0,12912,1,400,31.4
23108.0,12912,1,600,31.4
23108.0,12912,1,800,31.9
23108.0,12912,1,1000,32.0
23108.0,12912,1,1200,32.2
23108.0,12912,1,1400,32.1
23108.0,12912,1,1600,32.2
23108.0,12912,1,1800,32.0
23108.0,12912,1,2000,
23108.0,12912,2,100,20.7
23108.0,12912,2,200,21.0
23108.0,12912,2,300,20.9
23108.0,12912,2,400,20.6
23109.0,14246,1,200,33.4
23109.0,14246,1,400,34.4
23109.0,14246,1,600,34.5
23109.0,14246,1,800,34.4
23109.0,14246,1,1000,34.2
23109.0,14246,1,1200,35.0
23109.0,14246,1,1400,35.8
23109.0,14246,1,1600,35.6
23109.0,14246,1,1800,35.4
23109.0,14246,1,2000,
23109.0,14246,2,100,26.9
23109.0,14246,2,200,29.0
23109.0,14246,2,300,27.4
23109.0,14246,2,400,27.8
23110.0,17825,1,200,30.3
23110.0,17825,1,400,30.4
23110.0,17825,1,600,31.0
23110.0,17825,1,800,31.1
23110.0,17825,1,1000,31.4
23110.0,17825,1,1200,31.3
23110.0,17825,1,1400,31.1
23110.0,17825,1,1600,31.4
23110.0,17825,1,1800,31.5
23110.0,17825,1,2000,31.3
23110.0,17825,2,100,22.0
23110.0,17825,2,200,22.6
23110.0,17825,2,300,23.1
23110.0,17825,2,400,22.4
23111.0,12912,1,200,27.2
23111.0,12912,1,400,28.6
23111.0,12912,1,600,28.5
23111.0,12912,1,800,28.6
23111.0,12912,1,1000,28.6
23111.0,12912,1,1200,29.1
23111.0,12912,1,1400,29.0
23111.0,12912,1,1600,28.5
23111.0,12912,1,1800,29.0
23111.0,12912,1,2000,28.0
23111.0,12912,2,100,24.9
23111.0,12912,2,200,25.9
23111.0,12912,2,300,23.7
23111.0,12912,2,400,24.1
23115.0,12912,1,200,29.6
23115.0,12912,1,400,29.2
23115.0,12912,1,600,29.3
23115.0,12912,1,800,29.8
23115.0,12912,1,1000,29.5
23115.0,12912,1,1200,29.4
23115.0,12912,1,1400,29.7
23115.0,12912,1,1600,29.6
23115.0,12912,1,1800,29.8
23115.0,12912,1,2000,29.5
23115.0,12912,2,100,24.3
23115.0,12912,2,200,23.0
23115.0,12912,2,300,24.0
23115.0,12912,2,400,24.2
23116.0,17825,1,200,29.7
23116.0,17825,1,400,29.4
23116.0,17825,1,600,29.0
23116.0,17825,1,800,29.4
23116.0,17825,1,1000,29.5
23116.0,17825,1,1200,29.2
23116.0,17825,1,1400,29.4
23116.0,17825,1,1600,29.7
23116.0,17825,1,1800,29.8
23116.0,17825,1,2000,29.9
23116.0,17825,2,100,24.2
23116.0,17825,2,200,17.1
23116.0,17825,2,300,27.0
23116.0,17825,2,400,24.3
23112.0,17825,1,200,30.5
23112.0,17825,1,400,30.2
23112.0,17825,1,600,28.6
23112.0,17825,1,800,28.6
23112.0,17825,1,1000,28.5
23112.0,17825,1,1200,28.4
23112.0,17825,1,1400,28.2
23112.0,17825,1,1600,28.5
23112.0,17825,1,1800,28.7
23112.0,17825,1,2000,
23112.0,17825,2,100,20.2
23112.0,17825,2,200,16.4
23112.0,17825,2,300,16.4
23112.0,17825,2,400,16.2
,17825,1,200,30.0
,17825,1,400,29.1
,17825,1,600,28.7
,17825,1,800,30.3
,17825,1,1000,28.6
,17825,1,1200,28.7
,17825,1,1400,28.9
,17825,1,1600,28.1
,17825,1,1800,28.4
,17825,1,2000,28.3
,17825,2,100,
,17825,2,200,31.6
,17825,2,300,31.4
,17825,2,400,31.7
23122.0,17825,1,200,30.8
23122.0,17825,1,400,29.8
23122.0,17825,1,600,30.0
23122.0,17825,1,800,30.1
23122.0,17825,1,1000,28.9
23122.0,17825,1,1200,29.4
23122.0,17825,1,1400,29.5
23122.0,17825,1,1600,28.6
23122.0,17825,1,1800,28.2
23122.0,17825,1,2000,28.3
23122.0,17825,2,100,24.1
23122.0,17825,2,200,26.0
23122.0,17825,2,300,24.0
23122.0,17825,2,400,23.8
23123.0,12912,1,200,26.0
23123.0,12912,1,400,26.4
23123.0,12912,1,600,26.0
23123.0,12912,1,800,26.2
23123.0,12912,1,1000,26.1
23123.0,12912,1,1200,26.0
23123.0,12912,1,1400,26.4
23123.0,12912,1,1600,25.8
23123.0,12912,1,1800,26.3
23123.0,12912,1,2000,26.2
23123.0,12912,2,100,25.3
23123.0,12912,2,200,23.2
23123.0,12912,2,300,22.5
23123.0,12912,2,400,22.7
23113.0,12912,1,200,28.3
23113.0,12912,1,400,27.4
23113.0,12912,1,600,27.5
23113.0,12912,1,800,28.6
23113.0,12912,1,1000,29.7
23113.0,12912,1,1200,29.4
23113.0,12912,1,1400,28.7
23113.0,12912,1,1600,28.8
23113.0,12912,1,1800,29.0
23113.0,12912,1,2000,
23113.0,12912,2,100,19.5
23113.0,12912,2,200,19.0
23113.0,12912,2,300,19.1
23113.0,12912,2,400,19.0
23117.0,12912,1,200,32.8
23117.0,12912,1,400,32.1
23117.0,12912,1,600,24.7
23117.0,12912,1,800,24.6
23117.0,12912,1,1000,32.8
23117.0,12912,1,1200,32.5
23117.0,12912,1,1400,32.2
23117.0,12912,1,1600,32.5
23117.0,12912,1,1800,26.0
23117.0,12912,1,2000,32.6
23117.0,12912,2,100,
23117.0,12912,2,200,31.5
23117.0,12912,2,300,28.6
23117.0,12912,2,400,27.8
23114.0,14246,1,200,26.7
23114.0,14246,1,400,28.1
23114.0,14246,1,600,25.8
23114.0,14246,1,800,26.8
23114.0,14246,1,1000,25.9
23114.0,14246,1,1200,26.0
23114.0,14246,1,1400,25.2
23114.0,14246,1,1600,25.8
23114.0,14246,1,1800,25.6
23114.0,14246,1,2000,28.3
23114.0,14246,2,100,45.3
23114.0,14246,2,200,48.9
23114.0,14246,2,300,49.1
23114.0,14246,2,400,49.3
23118.0,14246,1,200,29.8
23118.0,14246,1,400,30.2
23118.0,14246,1,600,30.0
23118.0,14246,1,800,30.8
23118.0,14246,1,1000,29.6
23118.0,14246,1,1200,30.0
23118.0,14246,1,1400,29.4
23118.0,14246,1,1600,29.2
23118.0,14246,1,1800,29.5
23118.0,14246,1,2000,
23118.0,14246,2,100,56.6
23118.0,14246,2,200,52.6
23118.0,14246,2,300,51.1
23118.0,14246,2,400,52.6
23119.0,12912,1,200,32.2
23119.0,12912,1,400,31.3
23119.0,12912,1,600,31.3
23119.0,12912,1,800,31.4
23119.0,12912,1,1000,31.4
23119.0,12912,1,1200,31.3
23119.0,12912,1,1400,31.5
23119.0,12912,1,1600,31.4
23119.0,12912,1,1800,31.6
23119.0,12912,1,2000,
23119.0,12912,2,100,16.9
23119.0,12912,2,200,17.0
23119.0,12912,2,300,16.7
23119.0,12912,2,400,16.9
23120.0,17825,1,200,32.5
23120.0,17825,1,400,31.8
23120.0,17825,1,600,32.0
23120.0,17825,1,800,33.0
23120.0,17825,1,1000,33.7
23120.0,17825,1,1200,32.0
23120.0,17825,1,1400,31.7
23120.0,17825,1,1600,37.0
23120.0,17825,1,1800,31.9
23120.0,17825,1,2000,32.1
23120.0,17825,2,100,21.0
23120.0,17825,2,200,21.4
23120.0,17825,2,300,21.3
23120.0,17825,2,400,21.4
23121.0,14246,1,200,27.7
23121.0,14246,1,400,27.4
23121.0,14246,1,600,27.4
23121.0,14246,1,800,27.3
23121.0,14246,1,1000,27.4
23121.0,14246,1,1200,27.4
23121.0,14246,1,1400,27.7
23121.0,14246,1,1600,27.8
23121.0,14246,1,1800,27.2
23121.0,14246,1,2000,27.3
23121.0,14246,2,100,45.3
23121.0,14246,2,200,44.6
23121.0,14246,2,300,43.9
23121.0,14246,2,400,44.2
23129.0,12912,1,200,30.9
23129.0,12912,1,400,30.1
23129.0,12912,1,600,29.9
23129.0,12912,1,800,30.2
23129.0,12912,1,1000,30.6
23129.0,12912,1,1200,30.3
23129.0,12912,1,1400,30.6
23129.0,12912,1,1600,30.6
23129.0,12912,1,1800,30.4
23129.0,12912,1,2000,28.7
23129.0,12912,2,100,22.9
23129.0,12912,2,200,20.1
23129.0,12912,2,300,21.0
23129.0,12912,2,400,20.7
23130.0,14246,1,200,31.3
23130.0,14246,1,400,31.8
23130.0,14246,1,600,31.4
23130.0,14246,1,800,30.6
23130.0,14246,1,1000,31.3
23130.0,14246,1,1200,31.4
23130.0,14246,1,1400,31.0
23130.0,14246,1,1600,31.0
23130.0,14246,1,1800,31.0
23130.0,14246,1,2000,31.8
23130.0,14246,2,100,38.5
23130.0,14246,2,200,38.2
23130.0,14246,2,300,38.1
23130.0,14246,2,400,38.6
23124.0,14246,1,200,28.6
23124.0,14246,1,400,28.8
23124.0,14246,1,600,29.0
23124.0,14246,1,800,28.8
23124.0,14246,1,1000,26.5
23124.0,14246,1,1200,27.6
23124.0,14246,1,1400,28.6
23124.0,14246,1,1600,29.0
23124.0,14246,1,1800,28.6
23124.0,14246,1,2000,
23124.0,14246,2,100,28.8
23124.0,14246,2,200,29.0
23124.0,14246,2,300,29.4
23124.0,14246,2,400,29.5
23125.0,17825,1,200,32.1
23125.0,17825,1,400,32.2
23125.0,17825,1,600,31.8
23125.0,17825,1,800,32.6
23125.0,17825,1,1000,32.7
23125.0,17825,1,1200,31.4
23125.0,17825,1,1400,32.0
23125.0,17825,1,1600,32.1
23125.0,17825,1,1800,32.0
23125.0,17825,1,2000,
23125.0,17825,2,100,20.9
23125.0,17825,2,200,20.2
23125.0,17825,2,300,18.0
23125.0,17825,2,400,20.3
23126.0,17825,1,200,32.2
23126.0,17825,1,400,31.8
23126.0,17825,1,600,32.5
23126.0,17825,1,800,32.7
23126.0,17825,1,1000,32.3
23126.0,17825,1,1200,33.0
23126.0,17825,1,1400,32.2
23126.0,17825,1,1600,32.7
23126.0,17825,1,1800,32.0
23126.0,17825,1,2000,32.5
23126.0,17825,2,100,34.7
23126.0,17825,2,200,34.3
23126.0,17825,2,300,34.6
23126.0,17825,2,400,34.4
23127.0,12912,1,200,29.0
23127.0,12912,1,400,28.7
23127.0,12912,1,600,28.8
23127.0,12912,1,800,28.5
23127.0,12912,1,1000,28.6
23127.0,12912,1,1200,28.4
23127.0,12912,1,1400,28.6
23127.0,12912,1,1600,28.0
23127.0,12912,1,1800,28.7
23127.0,12912,1,2000,28.4
23127.0,12912,2,100,29.1
23127.0,12912,2,200,29.8
23127.0,12912,2,300,29.4
23127.0,12912,2,400,30.0
23134.0,14246,1,200,28.9
23134.0,14246,1,400,29.6
23134.0,14246,1,600,29.4
23134.0,14246,1,800,29.1
23134.0,14246,1,1000,28.2
23134.0,14246,1,1200,27.9
23134.0,14246,1,1400,27.9
23134.0,14246,1,1600,27.8
23134.0,14246,1,1800,27.9
23134.0,14246,1,2000,27.8
23134.0,14246,2,100,34.1
23134.0,14246,2,200,38.6
23134.0,14246,2,300,39.8
23134.0,14246,2,400,37.1
23135.0,17825,1,200,32.0
23135.0,17825,1,400,32.2
23135.0,17825,1,600,33.0
23135.0,17825,1,800,32.2
23135.0,17825,1,1000,31.9
23135.0,17825,1,1200,31.8
23135.0,17825,1,1400,32.2
23135.0,17825,1,1600,32.0
23135.0,17825,1,1800,31.9
23135.0,17825,1,2000,32.1
23135.0,17825,2,100,17.4
23135.0,17825,2,200,14.5
23135.0,17825,2,300,8.3
23135.0,17825,2,400,8.2
23131.0,17825,1,200,32.6
23131.0,17825,1,400,32.8
23131.0,17825,1,600,32.7
23131.0,17825,1,800,32.6
23131.0,17825,1,1000,33.0
23131.0,17825,1,1200,32.6
23131.0,17825,1,1400,33.0
23131.0,17825,1,1600,32.5
23131.0,17825,1,1800,32.7
23131.0,17825,1,2000,33.1
23131.0,17825,2,100,19.1
23131.0,17825,2,200,23.8
23131.0,17825,2,300,19.9
23131.0,17825,2,400,17.5
23132.0,12912,1,200,31.7
23132.0,12912,1,400,31.4
23132.0,12912,1,600,31.3
23132.0,12912,1,800,32.0
23132.0,12912,1,1000,31.7
23132.0,12912,1,1200,31.4
23132.0,12912,1,1400,31.9
23132.0,12912,1,1600,29.9
23132.0,12912,1,1800,32.1
23132.0,12912,1,2000,31.4
23132.0,12912,2,100,22.7
23132.0,12912,2,200,21.3
23132.0,12912,2,300,21.0
23132.0,12912,2,400,21.4
23133.0,14246,1,200,27.8
23133.0,14246,1,400,28.4
23133.0,14246,1,600,27.2
23133.0,14246,1,800,27.1
23133.0,14246,1,1000,27.4
23133.0,14246,1,1200,27.0
23133.0,14246,1,1400,27.8
23133.0,14246,1,1600,27.4
23133.0,14246,1,1800,27.5
23133.0,14246,1,2000,27.3
23133.0,14246,2,100,36.6
23133.0,14246,2,200,36.6
23133.0,14246,2,300,36.4
23133.0,14246,2,400,36.1
23136.0,12912,1,200,27.5
23136.0,12912,1,400,27.2
23136.0,12912,1,600,27.4
23136.0,12912,1,800,27.1
23136.0,12912,1,1000,27.4
23136.0,12912,1,1200,27.4
23136.0,12912,1,1400,27.6
23136.0,12912,1,1600,27.3
23136.0,12912,1,1800,27.4
23136.0,12912,1,2000,27.4
23136.0,12912,2,100,15.0
23136.0,12912,2,200,18.0
23136.0,12912,2,300,17.8
23136.0,12912,2,400,17.6
23137.0,14246,1,200,26.9
23137.0,14246,1,400,27.1
23137.0,14246,1,600,27.0
23137.0,14246,1,800,27.0
23137.0,14246,1,1000,26.9
23137.0,14246,1,1200,26.8
23137.0,14246,1,1400,27.0
23137.0,14246,1,1600,26.7
23137.0,14246,1,1800,26.3
23137.0,14246,1,2000,26.8
23137.0,14246,2,100,20.2
23137.0,14246,2,200,20.6
23137.0,14246,2,300,19.4
23137.0,14246,2,400,20.1
23138.0,12912,1,200,26.1
23138.0,12912,1,400,26.0
23138.0,12912,1,600,23.8
23138.0,12912,1,800,25.8
23138.0,12912,1,1000,26.0
23138.0,12912,1,1200,26.0
23138.0,12912,1,1400,25.9
23138.0,12912,1,1600,26.6
23138.0,12912,1,1800,26.1
23138.0,12912,1,2000,26.0
23138.0,12912,2,100,19.0
23138.0,12912,2,200,18.8
23138.0,12912,2,300,19.4
23138.0,12912,2,400,19.8
23139.0,17825,1,200,27.0
23139.0,17825,1,400,26.5
23139.0,17825,1,600,26.6
23139.0,17825,1,800,26.5
23139.0,17825,1,1000,27.0
23139.0,17825,1,1200,26.7
23139.0,17825,1,1400,27.0
23139.0,17825,1,1600,26.6
23139.0,17825,1,1800,27.1
23139.0,17825,1,2000,26.7
23139.0,17825,2,100,19.4
23139.0,17825,2,200,20.0
23139.0,17825,2,300,20.2
23139.0,17825,2,400,19.9
24004.0,14246,1,200,28.8
24004.0,14246,1,400,28.6
24004.0,14246,1,600,28.6
24004.0,14246,1,800,28.7
24004.0,14246,1,1000,28.6
24004.0,14246,1,1200,28.6
24004.0,14246,1,1400,28.6
24004.0,14246,1,1600,28.7
24004.0,14246,1,1800,29.0
24004.0,14246,1,2000,28.9
24004.0,14246,2,100,22.1
24004.0,14246,2,200,19.4
24004.0,14246,2,300,19.6
24004.0,14246,2,400,19.4
24002.0,12912,1,200,28.5
24002.0,12912,1,400,28.2
24002.0,12912,1,600,28.2
24002.0,12912,1,800,28.3
24002.0,12912,1,1000,28.2
24002.0,12912,1,1200,28.0
24002.0,12912,1,1400,28.2
24002.0,12912,1,1600,28.5
24002.0,12912,1,1800,27.6
24002.0,12912,1,2000,28.1
24002.0,12912,2,100,66.0
24002.0,12912,2,200,66.2
24002.0,12912,2,300,68.1
24002.0,12912,2,400,67.4
24003.0,17825,1,200,33.0
24003.0,17825,1,400,33.0
24003.0,17825,1,600,32.6
24003.0,17825,1,800,33.1
24003.0,17825,1,1000,33.2
24003.0,17825,1,1200,33.4
24003.0,17825,1,1400,33.1
24003.0,17825,1,1600,33.4
24003.0,17825,1,1800,33.3
24003.0,17825,1,2000,33.2
24003.0,17825,2,100,28.5
24003.0,17825,2,200,27.9
24003.0,17825,2,300,28.3
24003.0,17825,2,400,
24005.0,17825,1,200,29.4
24005.0,17825,1,400,28.7
24005.0,17825,1,600,29.1
24005.0,17825,1,800,30.3
24005.0,17825,1,1000,30.6
24005.0,17825,1,1200,30.5
24005.0,17825,1,1400,29.8
24005.0,17825,1,1600,29.5
24005.0,17825,1,1800,29.4
24005.0,17825,1,2000,
24005.0,17825,2,100,22.0
24005.0,17825,2,200,23.0
24005.0,17825,2,300,23.1
24005.0,17825,2,400,22.7
24007.0,12912,1,200,28.5
24007.0,12912,1,400,29.4
24007.0,12912,1,600,28.6
24007.0,12912,1,800,28.9
24007.0,12912,1,1000,29.2
24007.0,12912,1,1200,28.7
24007.0,12912,1,1400,28.8
24007.0,12912,1,1600,28.6
24007.0,12912,1,1800,28.9
24007.0,12912,1,2000,
24007.0,12912,2,100,23.4
24007.0,12912,2,200,23.1
24007.0,12912,2,300,23.3
24007.0,12912,2,400,23.4
24008.0,14246,1,200,29.8
24008.0,14246,1,400,29.3
24008.0,14246,1,600,29.8
24008.0,14246,1,800,29.0
24008.0,14246,1,1000,28.9
24008.0,14246,1,1200,29.2
24008.0,14246,1,1400,29.7
24008.0,14246,1,1600,29.8
24008.0,14246,1,1800,29.4
24008.0,14246,1,2000,
24008.0,14246,2,100,24.6
24008.0,14246,2,200,20.4
24008.0,14246,2,300,20.6
24008.0,14246,2,400,21.0
24011.0,12912,1,200,27.9
24011.0,12912,1,400,25.9
24011.0,12912,1,600,26.5
24011.0,12912,1,800,26.2
24011.0,12912,1,1000,26.6
24011.0,12912,1,1200,26.2
24011.0,12912,1,1400,26.6
24011.0,12912,1,1600,26.4
24011.0,12912,1,1800,26.8
24011.0,12912,1,2000,26.9
24011.0,12912,2,100,
24011.0,12912,2,200,
24011.0,12912,2,300,
24011.0,12912,2,400,
24016.0,17825,1,200,34.5
24016.0,17825,1,400,34.9
24016.0,17825,1,600,33.8
24016.0,17825,1,800,33.8
24016.0,17825,1,1000,35.5
24016.0,17825,1,1200,33.8
24016.0,17825,1,1400,34.2
24016.0,17825,1,1600,34.0
24016.0,17825,1,1800,33.7
24016.0,17825,1,2000,34.0
24016.0,17825,2,100,
24016.0,17825,2,200,
24016.0,17825,2,300,
24016.0,17825,2,400,
24017.0,14246,1,200,29.0
24017.0,14246,1,400,28.6
24017.0,14246,1,600,28.2
24017.0,14246,1,800,28.0
24017.0,14246,1,1000,28.5
24017.0,14246,1,1200,28.7
24017.0,14246,1,1400,29.5
24017.0,14246,1,1600,28.6
24017.0,14246,1,1800,28.4
24017.0,14246,1,2000,28.4
24017.0,14246,2,100,25.9
24017.0,14246,2,200,25.2
24017.0,14246,2,300,22.5
24017.0,14246,2,400,23.4
24009.0,14246,1,200,27.6
24009.0,14246,1,400,26.9
24009.0,14246,1,600,25.9
24009.0,14246,1,800,26.1
24009.0,14246,1,1000,26.5
24009.0,14246,1,1200,26.2
24009.0,14246,1,1400,27.1
24009.0,14246,1,1600,27.4
24009.0,14246,1,1800,27.1
24009.0,14246,1,2000,27.0
24009.0,14246,2,100,22.6
24009.0,14246,2,200,20.6
24009.0,14246,2,300,19.3
24009.0,14246,2,400,19.3
24012.0,12912,1,200,31.9
24012.0,12912,1,400,31.6
24012.0,12912,1,600,31.8
24012.0,12912,1,800,31.4
24012.0,12912,1,1000,31.8
24012.0,12912,1,1200,31.4
24012.0,12912,1,1400,31.8
24012.0,12912,1,1600,32.6
24012.0,12912,1,1800,32.1
24012.0,12912,1,2000,31.4
24012.0,12912,2,100,25.1
24012.0,12912,2,200,25.7
24012.0,12912,2,300,25.1
24012.0,12912,2,400,24.1
24010.0,17825,1,200,33.6
24010.0,17825,1,400,33.6
24010.0,17825,1,600,33.4
24010.0,17825,1,800,33.3
24010.0,17825,1,1000,32.7
24010.0,17825,1,1200,33.5
24010.0,17825,1,1400,33.4
24010.0,17825,1,1600,33.4
24010.0,17825,1,1800,33.5
24010.0,17825,1,2000,
24010.0,17825,2,100,29.7
24010.0,17825,2,200,27.5
24010.0,17825,2,300,27.5
24010.0,17825,2,400,27.4
24020.0,12912,1,200,29.8
24020.0,12912,1,400,29.8
24020.0,12912,1,600,29.3
24020.0,12912,1,800,29.5
24020.0,12912,1,1000,29.4
24020.0,12912,1,1200,29.2
24020.0,12912,1,1400,29.6
24020.0,12912,1,1600,29.5
24020.0,12912,1,1800,30.0
24020.0,12912,1,2000,
24020.0,12912,2,100,20.8
24020.0,12912,2,200,19.4
24020.0,12912,2,300,20.0
24020.0,12912,2,400,20.2
24022.0,17825,1,200,31.2
24022.0,17825,1,400,30.7
24022.0,17825,1,600,30.5
24022.0,17825,1,800,30.3
24022.0,17825,1,1000,30.7
24022.0,17825,1,1200,30.7
24022.0,17825,1,1400,30.6
24022.0,17825,1,1600,31.0
24022.0,17825,1,1800,30.7
24022.0,17825,1,2000,31.0
24022.0,17825,2,100,26.6
24022.0,17825,2,200,23.4
24022.0,17825,2,300,23.6
24022.0,17825,2,400,23.8
24023.0,12912,1,200,28.2
24023.0,12912,1,400,27.6
24023.0,12912,1,600,27.8
24023.0,12912,1,800,27.8
24023.0,12912,1,1000,275.2
24023.0,12912,1,1200,27.9
24023.0,12912,1,1400,27.8
24023.0,12912,1,1600,27.7
24023.0,12912,1,1800,27.8
24023.0,12912,1,2000,
24023.0,12912,2,100,25.4
24023.0,12912,2,200,24.3
24023.0,12912,2,300,26.0
24023.0,12912,2,400,24.2
,12912,1,200,32.4
,12912,1,400,30.5
,12912,1,600,30.6
,12912,1,800,29.6
,12912,1,1000,28.4
,12912,1,1200,29.3
,12912,1,1400,29.4
,12912,1,1600,28.5
,12912,1,1800,28.9
,12912,1,2000,28.4
,12912,2,100,24.2
,12912,2,200,27.7
,12912,2,300,25.8
,12912,2,400,26.6
24019.0,17825,1,200,29.9
24019.0,17825,1,400,30.1
24019.0,17825,1,600,30.0
24019.0,17825,1,800,30.2
24019.0,17825,1,1000,27.3
24019.0,17825,1,1200,28.6
24019.0,17825,1,1400,30.3
24019.0,17825,1,1600,31.4
24019.0,17825,1,1800,30.1
24019.0,17825,1,2000,
24019.0,17825,2,100,18.6
24019.0,17825,2,200,19.1
24019.0,17825,2,300,18.7
24019.0,17825,2,400,18.6
24021.0,12912,1,200,28.0
24021.0,12912,1,400,27.5
24021.0,12912,1,600,27.7
24021.0,12912,1,800,27.8
24021.0,12912,1,1000,27.8
24021.0,12912,1,1200,27.8
24021.0,12912,1,1400,28.1
24021.0,12912,1,1600,27.9
24021.0,12912,1,1800,27.8
24021.0,12912,1,2000,
24021.0,12912,2,100,17.8
24021.0,12912,2,200,16.2
24021.0,12912,2,300,15.6
24021.0,12912,2,400,14.5
24025.0,12912,1,200,30.3
24025.0,12912,1,400,30.0
24025.0,12912,1,600,30.2
24025.0,12912,1,800,30.1
24025.0,12912,1,1000,30.5
24025.0,12912,1,1200,30.2
24025.0,12912,1,1400,30.6
24025.0,12912,1,1600,30.8
24025.0,12912,1,1800,31.1
24025.0,12912,1,2000,
24025.0,12912,2,100,17.5
24025.0,12912,2,200,20.2
24025.0,12912,2,300,20.1
24025.0,12912,2,400,20.0
24026.0,17825,1,200,30.1
24026.0,17825,1,400,30.2
24026.0,17825,1,600,30.5
24026.0,17825,1,800,29.9
24026.0,17825,1,1000,30.6
24026.0,17825,1,1200,30.1
24026.0,17825,1,1400,29.8
24026.0,17825,1,1600,29.9
24026.0,17825,1,1800,30.1
24026.0,17825,1,2000,
24026.0,17825,2,100,22.1
24026.0,17825,2,200,19.9
24026.0,17825,2,300,20.2
24026.0,17825,2,400,20.2
24014.0,12912,1,100,26.6
24014.0,12912,1,1000,26.4
24014.0,12912,1,2000,26.6
24014.0,12912,2,100,17.7
24014.0,12912,2,400,17.8
24027.0,14246,1,100,31.2
24027.0,14246,1,1000,31.0
24027.0,14246,1,2000,31.6
24027.0,14246,2,100,16.2
24027.0,14246,2,400,16.3
24028.0,14246,1,100,29.9
24028.0,14246,1,1000,29.4
24028.0,14246,1,2000,29.7
24028.0,14246,2,100,26.6
24028.0,14246,2,400,27.7
24029.0,12912,1,100,27.0
24029.0,12912,1,1000,26.0
24029.0,12912,1,2000,26.7
24029.0,12912,2,100,20.2
24029.0,12912,2,400,20.7
24034.0,12912,1,100,29.3
24034.0,12912,1,1000,27.5
24034.0,12912,1,2000,30.8
24034.0,12912,2,100,27.4
24034.0,12912,2,400,24.6
24031.0,14246,1,100,29.4
24031.0,14246,1,1000,29.8
24031.0,14246,1,2000,30.1
24031.0,14246,2,100,25.8
24031.0,14246,2,400,26.3
24037.0,14246,1,100,28.1
24037.0,14246,1,1000,28.2
24037.0,14246,1,2000,28.7
24037.0,14246,2,100,25.0
24037.0,14246,2,400,23.0
24015.0,12912,1,200,33.5
24015.0,12912,1,400,33.8
24015.0,12912,1,600,34.3
24015.0,12912,1,800,34.2
24015.0,12912,1,1000,32.3
24015.0,12912,1,1200,32.4
24015.0,12912,1,1400,31.6
24015.0,12912,1,1600,31.4
24015.0,12912,1,1800,32.1
24015.0,12912,1,2000,32.3
24015.0,12912,2,100,20.8
24015.0,12912,2,200,20.4
24015.0,12912,2,300,20.9
24015.0,12912,2,400,20.7
24038.0,14246,1,100,29.6
24038.0,14246,1,1000,29.5
24038.0,14246,1,2000,30.1
24038.0,14246,2,100,29.2
24038.0,14246,2,400,28.6
24035.0,12912,1,100,28.2
24035.0,12912,1,1000,28.2
24035.0,12912,1,2000,28.3
24035.0,12912,2,100,15.2
24035.0,12912,2,400,12.1
24036.0,14246,1,100,24.1
24036.0,14246,1,1000,24.9
24036.0,14246,1,2000,25.3
24036.0,14246,2,100,14.2
24036.0,14246,2,400,12.8
24039.0,12912,1,200,27.3
24039.0,12912,1,1000,27.6
24039.0,12912,1,2000,26.5
24039.0,12912,2,100,20.3
24039.0,12912,2,400,20.6
24040.0,14246,1,200,31.4
24040.0,14246,1,1000,27.8
24040.0,14246,1,2000,26.7
24040.0,14246,2,100,17.9
24040.0,14246,2,400,20.8
24041.0,12912,1,200,31.2
24041.0,12912,1,1000,31.0
24041.0,12912,1,2000,31.0
24041.0,12912,2,100,21.5
24041.0,12912,2,400,19.8
24042.0,14146,1,200,30.1
24042.0,14146,1,1000,30.1
24042.0,14146,1,2000,30.2
24042.0,14146,2,100,13.9
24042.0,14146,2,400,15.0
24043.0,14246,1,200,29.2
24043.0,14246,1,1000,30.3
24043.0,14246,1,2000,30.9
24043.0,14246,2,100,16.9
24043.0,14246,2,400,15.4
24045.0,12912,1,200,28.0
24045.0,12912,1,1000,27.7
24045.0,12912,1,2000,27.8
24045.0,12912,2,100,16.5
24045.0,12912,2,400,19.0
24046.0,12912,1,200,33.7
24046.0,12912,1,1000,32.0
24046.0,12912,1,2000,32.7
24046.0,12912,2,100,27.8
24046.0,12912,2,400,28.7
24048.0,14246,1,200,30.3
24048.0,14246,1,1000,29.3
24048.0,14246,1,2000,30.3
24048.0,14246,2,100,20.9
24048.0,14246,2,400,20.5
24044.0,14246,1,200,30.56
24044.0,14246,1,1000,30.72
24044.0,14246,1,2000,31.04
24044.0,14246,2,100,21.04
24044.0,14246,2,400,20.32
24049.0,12912,1,200,29.2
24049.0,12912,1,1000,30.56
24049.0,12912,1,2000,31.12
24049.0,12912,2,100,17.28
24049.0,12912,2,400,16.72
24047.0,14246,1,200,28.16
24047.0,14246,1,1000,28.0
24047.0,14246,1,2000,29.2
24047.0,14246,2,100,27.04
24047.0,14246,2,200,26.48
24050.0,6379,1,200,29.44
24050.0,6379,1,1000,27.36
24050.0,6379,1,2000,31.12
24050.0,6379,2,100,26.72
24050.0,6379,2,400,26.56
24051.0,12912,1,200,36.64
24051.0,12912,1,1000,33.28
24051.0,12912,1,2000,33.44
24051.0,12912,2,100,20.08
24051.0,12912,2,400,18.56
24052.0,14246,1,200,26.24
24052.0,14246,1,1000,23.68
24052.0,14246,1,2000,22.88
24052.0,14246,2,100,18.24
24052.0,14246,2,400,18.16
24053.0,12912,1,200,26.56
24053.0,12912,1,1000,23.52
24053.0,12912,1,2000,26.72
24053.0,12912,2,100,17.92
24053.0,12912,2,400,20.4
24055.0,12912,1,200,32.4
24055.0,12912,1,1000,30.96
24055.0,12912,1,2000,29.52
24055.0,12912,2,100,24.08
24055.0,12912,2,400,22.24
24056.0,14246,1,200,29.52
24056.0,14246,1,1000,29.6
24056.0,14246,1,2000,28.48
24056.0,14246,2,100,29.28
24056.0,14246,2,400,28.48
24058.0,12912,1,200,26.72
24058.0,12912,1,1000,26.0
24058.0,12912,1,2000,26.08
24058.0,12912,2,100,20.16
24058.0,12912,2,400,20.56
24059.0,14246,1,200,29.2
24059.0,14246,1,1000,26.64
24059.0,14246,1,2000,26.88
24059.0,14246,2,100,23.2
24059.0,14246,2,400,24.08
24054.0,14246,1,200,26.4
24054.0,14246,1,1000,27.84
24054.0,14246,1,2000,29.2
24054.0,14246,2,100,23.84
24054.0,14246,2,400,24.08
24057.0,12912,1,200,31.12
24057.0,12912,1,1000,30.88
24057.0,12912,1,2000,31.04
24057.0,12912,2,100,25.2
24057.0,12912,2,400,25.44
24062.0,12912,1,200,27.6
24062.0,12912,1,1000,27.52
24062.0,12912,1,2000,27.44
24062.0,12912,2,100,24.64
24062.0,12912,2,400,
24060.0,14246,1,200,32.4
24060.0,14246,1,1000,32.56
24060.0,14246,1,2000,33.04
24060.0,14246,2,100,17.92
24060.0,14246,2,400,
24061.0,12912,1,200,27.52
24061.0,12912,1,1000,27.76
24061.0,12912,1,2000,28.0
24061.0,12912,2,100,15.44
24061.0,12912,2,400,14.0
24065.0,14246,1,200,29.28
24065.0,14246,1,1000,28.8
24065.0,14246,1,2000,29.28
24065.0,14246,2,100,25.68
24065.0,14246,2,400,24.64
24066.0,12912,1,200,27.2
24066.0,12912,1,1000,27.44
24066.0,12912,1,2000,27.44
24066.0,12912,2,100,22.48
24066.0,12912,2,400,20.4
24063.0,12912,1,200,25.92
24063.0,12912,1,1000,25.28
24063.0,12912,1,2000,26.24
24063.0,12912,2,100,19.04
24063.0,12912,2,400,17.52
24064.0,14246,1,200,28.8
24064.0,14246,1,1000,29.6
24064.0,14246,1,2000,29.36
24064.0,14246,2,100,12.8
24064.0,14246,2,400,12.16
24068.0,14247,1,200,30.0
24068.0,14247,1,1000,29.2
24068.0,14247,1,2000,30.4
24068.0,14247,2,100,22.88
24068.0,14247,2,400,21.6
24069.0,12912,1,200,31.52
24069.0,12912,1,1000,31.76
24069.0,12912,1,2000,33.36
24069.0,12912,2,100,25.36
24069.0,12912,2,400,27.8
24067.0,17825,1,200,32.16
24067.0,17825,1,1000,32.4
24067.0,17825,1,2000,31.68
24067.0,17825,2,100,18.16
24067.0,17825,2,400,18.24
24070.0,14247,1,200,30.0
24070.0,14247,1,1000,31.76
24070.0,14247,1,2000,29.92
24070.0,14247,2,100,22.72
24070.0,14247,2,400,22.32
24071.0,12912,1,200,29.6
24071.0,12912,1,1000,30.6
24071.0,12912,1,2000,30.5
24071.0,12912,2,100,22.5
24071.0,12912,2,400,22.2
24072.0,14246,1,200,31.9
24072.0,14246,1,1000,29.8
24072.0,14246,1,2000,33.0
24072.0,14246,2,100,19.0
24072.0,14246,2,400,19.5
24073.0,17825,1,200,34.9
24073.0,17825,1,1000,34.4
24073.0,17825,1,2000,32.4
24073.0,17825,2,100,22.8
24073.0,17825,2,400,21.8
24075.0,12912,1,200,29.7
24075.0,12912,1,1000,29.5
24075.0,12912,1,2000,30.2
24075.0,12912,2,100,18.8
24075.0,12912,2,400,18.6
24074.0,14246,1,200,26.5
24074.0,14246,1,1000,26.6
24074.0,14246,1,2000,26.8
24074.0,14246,2,100,19.2
24074.0,14246,2,400,19.7
24076.0,12912,1,200,29.8
24076.0,12912,1,1000,29.6
24076.0,12912,1,2000,29.6
24076.0,12912,2,100,24.8
24076.0,12912,2,400,24.3
24079.0,14246,1,200,28.9
24079.0,14246,1,1000,28.2
24079.0,14246,1,2000,28.7
24079.0,14246,2,100,24.7
24079.0,14246,2,400,23.6
24080.0,17825,1,200,30.4
24080.0,17825,1,1000,29.3
24080.0,17825,1,2000,29.4
24080.0,17825,2,100,21.1
24080.0,17825,2,400,21.4
24077.0,17825,1,200,34.4
24077.0,17825,1,1000,33.9
24077.0,17825,1,2000,33.4
24077.0,17825,2,100,27.3
24077.0,17825,2,400,25.1
24078.0,14246,1,200,30.1
24078.0,14246,1,1000,29.4
24078.0,14246,1,2000,29.2
24078.0,14246,2,100,20.6
24078.0,14246,2,400,21.1
24082.0,14246,1,200,27.7
24082.0,14246,1,1000,27.0
24082.0,14246,1,2000,27.2
24082.0,14246,2,100,23.5
24082.0,14246,2,400,
24083.0,17825,1,200,30.9
24083.0,17825,1,1000,30.2
24083.0,17825,1,2000,30.0
24083.0,17825,2,100,17.4
24083.0,17825,2,400,16.4
24084.0,14246,1,200,27.9
24084.0,14246,1,1000,27.8
24084.0,14246,1,2000,27.9
24084.0,14246,2,100,16.9
24084.0,14246,2,400,17.0
24086.0,12912,1,200,28.6
24086.0,12912,1,1000,27.2
24086.0,12912,1,2000,27.6
24086.0,12912,2,100,19.4
24086.0,12912,2,400,18.2
24087.0,14246,1,200,25.5
24087.0,14246,1,1000,25.2
24087.0,14246,1,2000,25.1
24087.0,14246,2,100,19.0
24087.0,14246,2,400,18.3
24085.0,17825,1,200,30.7
24085.0,17825,1,1000,30.8
24085.0,17825,1,2000,31.0
24085.0,17825,2,100,24.7
24085.0,17825,2,400,22.9
24081.0,14246,1,200,30.4
24081.0,14246,1,1000,29.8
24081.0,14246,1,2000,29.7
24081.0,14246,2,100,18.8
24081.0,14246,2,400,17.6
24090.0,12912,1,200,26.7
24090.0,12912,1,1000,26.1
24090.0,12912,1,2000,26.0
24090.0,12912,2,100,19.9
24090.0,12912,2,400,19.2
24088.0,12912,1,200,27.8
24088.0,12912,1,1000,26.5
24088.0,12912,1,2000,26.9
24088.0,12912,2,100,13.4
24088.0,12912,2,400,13.0
24089.0,14246,1,200,28.3
24089.0,14246,1,1000,27.7
24089.0,14246,1,2000,27.4
24089.0,14246,2,100,15.6
24089.0,14246,2,400,14.4
24093.0,12912,1,200,24.0
24093.0,12912,1,1000,23.8
24093.0,12912,1,2000,23.7
24093.0,12912,2,100,22.2
24093.0,12912,2,400,22.0
24094.0,14246,1,200,22.5
24094.0,14246,1,1000,22.3
24094.0,14246,1,2000,22.2
24094.0,14246,2,100,19.7
24094.0,14246,2,400,19.8
24091.0,12912,1,200,30.5
24091.0,12912,1,1000,30.5
24091.0,12912,1,2000,23.0
24091.0,12912,2,100,27.9
24091.0,12912,2,400,27.6
24092.0,17825,1,200,39.1
24092.0,17825,1,1000,49.3
24092.0,17825,1,2000,38.5
24092.0,17825,2,100,38.9
24092.0,17825,2,400,39.2
24096.0,14246,1,200,34.3
24096.0,14246,1,1000,33.9
24096.0,14246,1,2000,33.6
24096.0,14246,2,100,29.8
24096.0,14246,2,400,33.0
24095.0,17825,1,200,42.3
24095.0,17825,1,1000,47.6
24095.0,17825,1,2000,37.0
24095.0,17825,2,100,39.2
24095.0,17825,2,400,31.4
24097.0,12912,1,200,37.4
24097.0,12912,1,1000,37.1
24097.0,12912,1,2000,36.7
24097.0,12912,2,100,19.4
24097.0,12912,2,400,18.2
24098.0,12912,1,200,32.8
24098.0,12912,1,1000,32.0
24098.0,12912,1,2000,31.6
24098.0,12912,2,100,14.5
24098.0,12912,2,400,17.8
24099.0,12912,1,200,29.4
24099.0,12912,1,1000,29.6
24099.0,12912,1,2000,29.7
24099.0,12912,2,100,20.0
24099.0,12912,2,400,17.2
24100.0,12912,1,200,32.8
24100.0,12912,1,1000,32.5
24100.0,12912,1,2000,34.2
24100.0,12912,2,100,24.6
24100.0,12912,2,400,
24101.0,12912,1,200,31.8
24101.0,12912,1,1000,32.9
24101.0,12912,1,2000,31.4
24101.0,12912,2,100,24.3
24101.0,12912,2,400,22.6
24103.0,14246,1,200,30.8
24103.0,14246,1,1000,29.4
24103.0,14246,1,2000,28.8
24103.0,14246,2,100,19.7
24103.0,14246,2,400,19.8
24106.0,12912,1,200,32.4
24106.0,12912,1,1000,31.4
24106.0,12912,1,2000,32.6
24106.0,12912,2,100,26.8
24106.0,12912,2,400,26.0
24107.0,14246,1,200,28.6
24107.0,14246,1,1000,28.0
24107.0,14246,1,2000,28.3
24107.0,14246,2,100,22.7
24107.0,14246,2,400,23.8
24104.0,14246,1,200,31.0
24104.0,14246,1,1000,30.4
24104.0,14246,1,2000,30.8
24104.0,14246,2,100,20.6
24104.0,14246,2,400,
24105.0,17825,1,200,32.6
24105.0,17825,1,1000,31.8
24105.0,17825,1,2000,31.4
24105.0,17825,2,100,19.6
24105.0,17825,2,400,18.7
24109.0,12912,1,200,31.8
24109.0,12912,1,1000,31.4
24109.0,12912,1,2000,31.8
24109.0,12912,2,100,29.4
24109.0,12912,2,400,28.0
24110.0,14246,1,200,35.0
24110.0,14246,1,1000,34.2
24110.0,14246,1,2000,34.4
24110.0,14246,2,100,28.0
24110.0,14246,2,400,27.6
24108.0,14246,1,200,29.4
24108.0,14246,1,1000,30.0
24108.0,14246,1,2000,29.9
24108.0,14246,2,100,15.4
24108.0,14246,2,400,15.4
24111.0,17825,1,200,27.2
24111.0,17825,1,1000,28.9
24111.0,17825,1,2000,34.4
24111.0,17825,2,100,16.3
24111.0,17825,2,400,16.2
