Fecha/hora inicio,Temperatura almacén principal (inicio),Humedad almacén principal (inicio),Temperatura almacén producción (inicio),Humedad almacén producción (inicio),Fecha/hora fin,Temperatura almacén principal (fin),Humedad almacén principal (fin),Temperatura almacén producción (fin),Humedad almacén producción (fin),Temperatura biorreactores (inicio),Humedad biorreactores (inicio),Temperatura biorreactores (fin),Humedad biorreactores (fin),Temperatura centrifugas (inicio),Humedad centrifugas (inicio),Temperatura centrifugas (fin),Humedad centrifugas (fin)
2023-03-21 07:00:00,20.60908508,35.333641,20.13707924,50.86805344,2023-03-23 06:00:00,19.70124054,42.82769012,20.20399284,52.75969315,20.76931547,42.5756304,20.51991029,49.92203603,19.75028344,43.38175599,20.7610996,49.98462088
2023-03-21 07:00:00,20.60908508,35.333641,20.13707924,50.86805344,2023-03-23 06:00:00,19.70124054,42.82769012,20.20399284,52.75969315,20.76931547,42.5756304,20.51991029,49.92203603,19.75028344,43.38175599,20.7610996,49.98462088
2023-03-22 07:00:00,20.47525787,36.64279556,20.00144577,52.35821533,2023-03-24 06:00:00,20.35590363,32.89525118,20.2510128,49.51533508,22.34048422,40.61989656,18.87722397,42.4778208,18.65560709,46.74702396,19.00211564,40.86838283
2023-03-22 07:00:00,20.47525787,36.64279556,20.00144577,52.35821533,2023-03-24 06:00:00,20.35590363,32.89525118,20.2510128,49.51533508,22.34048422,40.61989656,18.87722397,42.4778208,18.65560709,46.74702396,19.00211564,40.86838283
2023-03-28 07:00:00,20.54624286,34.78009033,20.34143448,49.78298569,2023-03-30 10:00:00,19.19907264,34.30063791,19.79709244,47.63093185,20.95106346,41.00977021,18.94496511,47.14729782,18.46064568,44.96965353,18.6559639,47.59519923
2023-03-28 07:00:00,20.54624286,34.78009033,20.34143448,49.78298569,2023-03-30 07:00:00,19.28530121,29.53920746,20.40653992,47.88772964,20.95106346,41.00977021,18.94895688,35.30885747,18.46064568,44.96965353,18.67172185,37.15546538
2023-03-29 07:00:00,21.9820438,35.86154556,20.25824547,49.78298569,2023-03-31 07:00:00,19.57103729,37.70708489,20.40653992,49.85060817,18.76735687,49.16826332,19.86592848,42.20146672,18.44843864,46.62540515,20.16029748,41.77387584
2023-03-29 07:00:00,21.9820438,35.86154556,20.25824547,49.78298569,2023-03-31 08:00:00,19.30338287,36.8019371,20.34143448,50.18807602,18.76735687,49.16826332,19.9112276,44.03165272,18.44843864,46.62540515,20.16964324,43.66038917
2023-04-04 11:00:00,21.40118408,27.14996695,20.40653992,43.5655365,2023-04-06 12:00:00,22.31173395,24.41767883,20.06655121,39.38440323,21.28144521,34.33006269,22.50199821,30.8547374,20.75589372,33.59578454,19.68225192,34.07316048
2023-04-04 11:00:00,21.40118408,27.14996695,20.40653992,43.5655365,2023-04-06 13:00:00,21.92201996,24.16087914,20.32154274,39.24695969,21.28144521,34.33006269,22.72005537,30.21780207,20.75589372,33.59578454,20.29991007,33.45691489
2023-04-18 07:00:00,23.35792542,35.57580948,20.00144577,49.5370369,2023-04-20 07:00:00,23.24580383,29.79600716,20.34143448,44.921875,22.86904526,45.31910421,22.90566635,36.00340581,19.42956005,50.61612529,19.869559,39.32802416
2023-04-18 07:00:00,23.35792542,35.57580948,20.00144577,49.5370369,2023-04-20 07:00:00,23.24580383,29.79600716,20.34143448,44.921875,22.86904526,45.31910421,22.90566635,36.00340581,19.42956005,50.61612529,19.869559,39.32802416
2023-04-18 07:00:00,23.35792542,35.57580948,20.00144577,49.5370369,2023-04-20 07:00:00,23.24580383,29.79600716,20.34143448,44.921875,22.86904526,45.31910421,22.90566635,36.00340581,19.42956005,50.61612529,19.869559,39.32802416
2023-04-18 07:00:00,23.35792542,35.57580948,20.00144577,49.5370369,2023-04-20 09:00:00,23.64727783,29.54282379,20.20399284,45.75014496,22.86904526,45.31910421,18.98539427,44.28519123,19.42956005,50.61612529,20.33592201,40.79211834
2023-04-25 12:00:00,22.18945876,42.95428085,20.61631966,52.61863327,2023-04-27 13:00:00,21.14438629,47.45303535,19.86762047,53.84837723,22.78238751,50.46970541,19.64996235,62.10036703,18.82469451,59.72452935,21.34311867,61.19571686
2023-04-25 12:00:00,22.18945876,42.95428085,20.61631966,52.61863327,2023-04-27 13:00:00,21.14438629,47.45303535,19.86762047,53.84837723,22.78238751,50.46970541,19.64996235,62.10036703,18.82469451,59.72452935,21.34311867,61.19571686
2023-04-25 08:00:00,18.90914154,45.68781826,20.1171875,52.6222496,2023-04-27 10:00:00,19.943573,50.90060806,19.93634224,55.15094798,21.11908518,52.5528717,19.01233181,73.50959935,18.6193428,55.59351832,21.20883751,63.20355895
2023-05-22 07:00:00,21.40480042,35.57219315,20.294487,53.30945969,2023-05-24 10:00:00,21.66159821,45.63257621,20.42650414,53.13946533,18.889431,66.82312431,23.11038505,57.35868418,18.85221086,60.96871009,19.17020226,68.70883593
2023-05-23 08:00:00,20.61270142,46.30815887,19.97326547,49.49363327,2023-05-25 11:00:00,21.39033302,47.5234375,20.49884224,53.41073227,20.79582641,59.96039642,19.98460077,64.72107883,19.38325128,61.3163167,18.95403326,67.88244517
2023-05-23 08:00:00,20.61270142,46.30815887,19.97326547,49.49363327,2023-05-25 10:00:00,21.15366802,47.72124762,20.33246422,53.26967621,20.79582641,59.96039642,22.25109926,68.24663109,19.38325128,61.3163167,16.51966858,73.50403092
2023-05-30 12:00:00,21.14480647,45.66796875,20.08651543,53.14308548,2023-06-01 12:00:00,22.17881775,45.11458206,20.4283123,51.79397964,17.70572087,68.32568648,18.96067117,66.31369198,18.82638715,65.38089398,17.8820975,68.76197901
2023-05-30 07:00:00,20.83545511,46.84707642,20.2890625,52.87905121,2023-06-01 07:00:00,20.87311554,47.60300827,20.49884224,51.79397964,18.32993299,65.20572575,18.81120448,71.11117554,18.80035072,58.96553031,18.32046696,65.4552837
2023-05-31 07:00:00,20.61993408,46.59751129,20.42650414,53.94965363,2023-06-02 09:00:00,20.98886108,46.85430908,20.15885353,54.63324738,20.93822434,59.72911936,18.96184633,65.63854982,16.72051352,71.03460056,17.33562195,68.44940179
2023-06-06 09:00:00,20.42838913,48.44212723,20.15885353,51.92419052,2023-06-08 14:00:00,20.61270142,47.24493408,20.294487,54.82158361,16.51966858,76.92495728,16.29993629,79.07345581,19.25565338,69.96368408,19.06033516,66.31675406
2023-06-12 08:00:00,21.54224396,49.15692378,20.29267883,51.92419052,2023-06-14 10:00:00,20.75376129,49.34635162,20.08651543,48.54238892,15.72618771,81.33972772,16.61732864,79.07345581,18.74141693,66.20798625,19.58399204,73.65032196
2023-06-12 08:00:00,21.54224396,49.15692378,20.29267883,51.92419052,2023-06-14 08:00:00,21.29267883,48.97064012,20.22395706,51.2442131,15.72618771,81.33972772,16.53749997,79.58460907,18.74141693,66.20798625,20.81820107,75.37527889
2023-06-13 08:00:00,21.17466579,48.7676506,20.15885353,52.73799133,2023-06-15 09:00:00,20.81356297,47.20549028,20.22395706,52.60416412,14.96932888,85.17716217,16.1900692,78.10638403,17.17886925,71.07203398,20.46144135,65.68583548
2023-06-13 08:00:00,21.17466579,48.7676506,20.15885353,52.73799133,2023-06-15 08:00:00,21.00694275,48.10214233,20.49341774,51.64930344,14.96932888,85.17716217,16.12726279,78.68800364,17.17886925,71.07203398,20.33072256,64.14192216
2023-06-20 07:00:00,21.6796875,49.93590927,20.15885353,49.63830948,2023-06-22 09:00:00,19.82421875,53.68663025,20.0214119,49.8332293,15.78722477,81.1242981,15.94592094,82.73566455,21.01351929,67.52113042,18.74141693,71.74401552
2023-06-20 07:00:00,21.6796875,49.93590927,20.15885353,49.63830948,2023-06-22 09:00:00,19.82421875,53.68663025,20.0214119,49.8332293,15.78722477,81.1242981,15.94592094,82.73566455,21.01351929,67.52113042,18.74141693,71.74401552
2023-06-21 08:00:00,19.70485687,53.83130646,20.29629517,48.89979097,2023-06-23 08:00:00,19.43721008,52.76070404,20.15885353,49.229599,15.78722477,83.9564209,15.64073563,84.20056915,20.57405281,65.37887045,19.42655754,66.86339891
2023-06-21 08:00:00,19.70485687,53.83130646,20.29629517,48.89979097,2023-06-23 10:00:00,20.22207642,53.16218185,20.08651543,52.19907379,15.78722477,83.9564209,15.76280975,84.37146759,20.57405281,65.37887045,20.37263351,71.00369982
2023-06-26 08:00:00,19.97251129,51.53819275,20.22395706,51.93142319,2023-06-28 07:00:00,19.89725744,51.94690323,20.2275753,53.13946533,15.88891352,81.44647711,15.71398067,82.90658569,18.889431,70.43599606,19.6050679,66.26439779
2023-06-27 08:00:00,19.93995667,51.00289154,20.3614006,49.63830948,2023-06-29 08:00:00,20.22569275,52.48582077,20.49703407,53.00925827,16.17786217,81.93102493,15.78722477,83.26006447,20.03071444,69.49980164,19.50095984,71.60360478
2023-06-27 08:00:00,19.93995667,51.00289154,20.3614006,49.63830948,2023-06-29 08:00:00,20.22569275,52.48582077,20.49703407,53.00925827,16.17786217,81.93102493,15.78722477,83.26006447,20.03071444,69.49980164,19.50095984,71.60360478
2023-07-03 09:00:00,20.08824921,54.37746048,20.36320877,49.68705628,2023-07-05 08:00:00,19.46614838,54.50043488,20.42650414,49.15795115,19.97589111,67.56426508,19.53642464,68.91384888,19.94057324,71.59947205,20.54963875,71.29792573
2023-07-03 09:00:00,20.08824921,54.37746048,20.36320877,49.68705628,2023-07-05 09:00:00,19.44444275,54.90190887,20.19683075,51.1175535,19.97589111,67.56426508,19.16574228,70.58807854,19.94057324,71.59947205,19.29368416,71.96569824
2023-07-04 07:00:00,19.3369178,53.66546938,20.22395706,53.28052521,2023-07-06 08:00:00,19.07387702,54.25280732,20.09194183,49.23321533,20.04913521,67.70620826,18.82839394,72.0805725,19.51064002,65.30907222,19.84160805,65.83757782
2023-07-04 07:00:00,19.3369178,53.66546938,20.22395706,53.28052521,2023-07-06 08:00:00,19.07387702,54.25280732,20.09194183,49.23321533,20.04913521,67.70620826,18.82839394,72.0805725,19.51064002,65.30907222,19.84160805,65.83757782
2023-07-10 08:00:00,19.85151679,57.58564758,20.0214119,49.36342621,2023-07-12 12:00:00,22.59114838,59.47265625,20.3614006,50.95718545,18.8161869,72.54978516,20.15731289,68.26422552,19.54863167,67.92488493,19.18240929,72.551651
2023-07-11 08:00:00,20.22207642,57.31799698,20.15885353,47.74305344,2023-07-13 08:00:00,19.81698608,57.33868408,20.49703407,51.42082977,19.43876457,69.35330963,19.66178674,67.75528274,18.64375687,72.17387852,20.17120934,66.21643569
2023-07-11 08:00:00,20.22207642,57.31799698,20.15885353,47.74305344,2023-07-13 09:00:00,19.95080566,56.67317581,20.49884224,52.83558816,19.43876457,69.35330963,20.39094162,67.2632172,18.64375687,72.17387852,19.43547837,68.97904904
2023-07-17 07:00:00,19.70485687,52.11588287,20.29629517,48.95833206,2023-07-19 10:00:00,21.79588183,54.11964798,20.49884224,46.96228786,19.14578629,69.4262627,20.29328346,67.50671902,20.14679337,65.98661403,20.78289055,66.42353821
2023-07-18 08:00:00,19.82783508,51.4245899,20.3614006,48.27835464,2023-07-20 08:00:00,20.48249054,51.31655121,20.29629517,47.20775223,20.14091335,72.57357455,19.56949079,67.40013123,19.92706108,66.32587433,20.17120934,65.69033051
2023-07-18 07:00:00,19.7157135,50.90060806,20.15885353,47.90219879,2023-07-20 08:00:00,20.48249054,51.31655121,20.29629517,47.20775223,19.96368217,67.42695102,19.56949079,67.40013123,19.81719398,67.25169636,20.17120934,65.69033051
2023-07-24 09:00:00,19.53194026,54.72612603,20.09013367,50.38859801,2023-07-26 09:00:00,19.58911896,51.182724,20.09013367,50.62654622,19.97589111,69.01150513,19.86602402,67.44921564,19.7771457,68.21258586,20.54963875,70.29360184
2023-07-25 07:00:00,19.77155642,50.62934113,20.29629517,49.65526804,2023-07-27 08:00:00,19.47678766,53.06118604,20.18959808,48.62369575,18.68354568,69.45828154,18.76735687,69.87685541,18.5827198,71.37703877,19.46596512,66.01748527
2023-07-25 07:00:00,19.77155642,50.62934113,20.29629517,49.65526804,2023-07-27 08:00:00,19.47678766,53.06118604,20.18959808,48.62369575,18.68354568,69.45828154,18.76735687,69.87685541,18.5827198,71.37703877,19.46596512,66.01748527
2023-07-31 09:00:00,19.81698608,50.92954254,20.44277954,48.40856552,2023-08-02 10:00:00,20.47382643,54.00881439,20.29629517,51.78905476,20.03692818,69.46476689,20.03692818,67.32968563,20.31193196,64.73252591,20.58625984,67.16621007
2023-07-31 09:00:00,19.81698608,50.92954254,20.44277954,48.40856552,2023-08-02 10:00:00,20.47382643,54.00881439,20.29629517,51.78905476,20.03692818,69.46476689,20.03692818,67.32968563,20.31193196,64.73252591,20.58625984,67.16621007
2023-08-01 07:00:00,20.08824921,54.81704899,20.42650414,51.15445154,2023-08-03 07:00:00,20.03038025,50.63295746,20.0214119,49.58646968,19.12137222,70.33850684,19.53642464,67.30300961,20.32990456,66.76424831,20.14300897,65.14930779
2023-09-04 12:00:00,20.13295235,48.14247193,20.42650414,48.27835464,2023-09-06 12:00:00,21.64511432,46.86053085,20.30674636,47.69214479,22.79122632,55.19654044,19.84855212,64.22855821,20.75282782,67.00042943,19.17020226,66.36930658
2023-09-04 08:00:00,20.48610687,49.27300262,20.2890625,50.5859375,2023-09-06 09:00:00,19.03573608,47.55136108,20.294487,54.69684961,22.77617148,59.81202336,23.02774048,66.39823572,18.53389168,68.69411469,19.36552048,70.27722218
2023-09-05 08:00:00,18.48596191,48.74131775,20.15885353,48.69068146,2023-09-07 09:00:00,18.83127545,46.46267319,20.42650414,51.0387713,23.00666289,55.65899229,19.08959791,61.34401688,20.30767982,60.14084956,20.75868666,53.87289112
2023-09-05 08:00:00,18.48596191,48.74131775,20.15885353,48.69068146,2023-09-07 08:00:00,19.03573608,46.34331512,20.22395706,48.27835464,23.00666289,55.65899229,20.87909642,54.4528946,20.30767982,60.14084956,19.74375796,55.6424426
2023-09-13 07:00:00,19.24931303,53.58072662,20.56394577,48.00360234,2023-09-15 10:00:00,19.05381775,51.07359269,20.42650414,49.27542225,19.99923456,69.99720076,19.3641718,74.83410583,18.4457769,70.10913689,18.35078049,69.09506158
2023-09-13 07:00:00,19.24931303,53.58072662,20.56394577,48.00360234,2023-09-15 13:00:00,20.75376129,50.08680344,20.49884224,48.15176392,19.99923456,69.99720076,19.76278376,78.80702574,18.4457769,70.10913689,18.37519455,69.27565303
2023-09-12 08:00:00,20.37036896,51.03081512,20.42650414,48.00708771,2023-09-14 08:00:00,20.1063385,54.80783224,20.3614006,48.41579819,22.68417519,60.71016139,22.89345932,69.18256717,19.36552048,69.19556796,19.24294124,70.0897015
2023-09-12 08:00:00,20.37036896,51.03081512,20.42650414,48.00708771,2023-09-14 10:00:00,19.03573608,54.92983246,20.08651543,51.03765851,22.68417519,60.71016139,20.57058857,83.03111634,19.36552048,69.19556796,18.15546036,70.09946449
2023-09-25 08:00:00,20.56971834,48.47366714,20.07024002,49.59062817,2023-09-27 10:00:00,20.4969635,48.22410202,20.42650414,47.45564516,22.24724268,61.820977,17.20139209,73.09346683,18.74141693,70.63338412,18.58930342,68.15459373
2023-09-25 08:00:00,20.56971834,48.47366714,20.07024002,49.59062817,2023-09-27 10:00:00,20.4969635,48.22410202,20.42650414,47.45564516,22.24724268,61.820977,17.20139209,73.09346683,18.74141693,70.63338412,18.58930342,68.15459373
2023-09-26 09:00:00,20.61993408,48.3145256,20.15162086,49.76490021,2023-09-28 10:00:00,21.01055908,48.48090363,20.29267883,48.27835464,18.57216671,65.42544164,20.03692818,65.227211,20.23976978,61.9372613,19.96071029,72.35155339
2023-09-26 09:00:00,20.61993408,48.3145256,20.15162086,49.76490021,2023-09-28 11:00:00,20.49334717,48.34707642,20.42650414,49.76490021,18.57216671,65.42544164,17.96014214,70.24503074,20.23976978,61.9372613,19.71366448,72.06853679
2023-10-02 08:00:00,20.85503387,48.61834335,20.22395706,50.04340363,2023-10-04 08:00:00,21.12630463,50.75231552,20.47714043,48.27835464,16.69057274,74.35745427,20.02386896,68.23616278,18.889431,64.98081068,18.31684425,71.74737643
2023-10-02 08:00:00,20.85503387,48.61834335,20.22395706,50.04340363,2023-10-04 10:00:00,19.57103729,51.0489006,20.22395706,47.61284637,16.69057274,74.35745427,20.00030518,66.22337763,18.889431,64.98081068,18.80718594,68.21302576
2023-10-03 08:00:00,21.00332642,50.03313674,20.3614006,50.64291375,2023-10-05 09:00:00,21.02140808,50.36892319,19.95630836,49.10300827,20.11017227,66.54560852,20.03736642,66.86341729,18.71700096,66.78732898,20.12241464,70.99063409
2023-10-03 08:00:00,21.00332642,50.03313674,20.3614006,50.64291375,2023-10-05 11:00:00,20.35228729,50.03703359,20.0456181,48.73328396,20.11017227,66.54560852,20.29328346,66.81417084,18.71700096,66.78732898,18.28974342,70.89144897
2023-09-27 13:00:00,21.11432788,50.08370147,20.42650414,48.01432037,2023-09-29 13:00:00,21.15161896,51.4395256,20.52892833,47.27890719,19.97589111,66.25993988,19.88246747,67.22978454,19.96368217,68.86282384,19.69511986,64.98306274
2023-10-09 13:00:00,20.96781021,48.71238327,20.0214119,47.54557574,2023-10-11 13:00:00,20.77545929,49.01620483,20.15885353,50.8535881,19.08099276,67.88831421,17.19107628,72.68273942,19.32889748,66.00848389,18.75514984,65.71550751
2023-10-09 13:00:00,20.96781021,48.71238327,20.0214119,47.54557574,2023-10-11 13:00:00,20.77545929,49.01620483,20.15885353,50.8535881,19.08099276,67.88831421,17.19107628,72.68273942,19.32889748,66.00848389,18.75514984,65.71550751
2023-10-17 09:00:00,21.14800262,48.20963669,19.81886482,48.99450302,2023-10-19 11:00:00,20.3501515,48.74855423,20.49884224,49.0957756,17.88010082,70.09315239,16.51214732,70.17194154,18.59492874,69.5242157,21.10921201,59.77428
2023-10-17 09:00:00,21.14800262,48.20963669,19.81886482,48.99450302,2023-10-19 09:00:00,21.08985747,48.75217056,20.08832359,50.85720444,17.88010082,70.09315239,18.43623161,66.02154883,18.59492874,69.5242157,18.64054477,67.97513829
2023-10-17 09:00:00,21.14800262,48.20963669,19.81886482,48.99450302,2023-10-19 09:00:00,21.08985747,48.75217056,20.08832359,50.85720444,17.88010082,70.09315239,18.43623161,66.02154883,18.59492874,69.5242157,18.64054477,67.97513829
2023-10-23 10:00:00,21.53501129,44.44444275,20.0214119,50.17722702,2023-10-25 09:00:00,21.14800262,42.64150334,19.95269012,49.98966483,17.21783328,71.23126562,17.18557671,59.92615183,18.76735687,64.61683655,20.62245591,46.92283305
2023-10-23 10:00:00,21.53501129,44.44444275,20.0214119,50.17722702,2023-10-25 10:00:00,21.21618928,42.57450867,20.05215454,49.64192581,17.21783328,71.23126562,19.04812813,55.8940032,18.76735687,64.61683655,18.76735687,51.53656558
2023-10-24 07:00:00,21.70203398,44.17317581,19.81705666,50.72337723,2023-10-26 08:00:00,21.52656155,43.64511108,20.08651543,51.66377258,18.46727973,66.36706139,19.63408279,60.06680169,18.58225587,64.15619772,19.18130765,57.7494958
2023-10-24 07:00:00,21.70203398,44.17317581,19.81705666,50.72337723,2023-10-26 08:00:00,21.52656155,43.64511108,20.08651543,51.66377258,18.46727973,66.36706139,19.63408279,60.06680169,18.58225587,64.15619772,19.18130765,57.7494958
2023-10-31 10:00:00,20.50057983,44.15025655,20.42650414,47.61284637,2023-11-02 10:00:00,21.04693862,47.00520706,19.74652672,50.4629631,19.32889748,51.71149693,19.4875946,57.89971542,19.67985617,48.1647873,18.96528661,55.06186883
2023-10-31 09:00:00,21.54559817,42.97598267,19.82248306,48.69791412,2023-11-02 10:00:00,21.04693862,47.00520706,19.74652672,50.4629631,19.06033516,50.31729729,19.4875946,57.89971542,20.03425626,44.68888718,18.96528661,55.06186883
2023-10-31 10:00:00,20.50057983,44.15025655,20.42650414,47.61284637,2023-11-02 10:00:00,21.04693862,47.00520706,19.74652672,50.4629631,19.32889748,51.71149693,19.4875946,57.89971542,19.67985617,48.1647873,18.96528661,55.06186883
2023-10-25 12:00:00,21.57416971,42.38663327,20.22395706,48.828125,2023-10-27 09:00:00,21.13715363,42.58174133,20.08651543,49.91319275,19.4509716,55.90348009,19.08474922,60.68300247,19.05303053,52.40390652,20.14705459,53.55360217
2023-10-25 13:00:00,21.94733429,42.42983246,20.49884224,48.68331886,2023-10-27 11:00:00,20.88034821,42.15132904,19.61451149,51.27314758,19.57304573,55.62913895,19.18240929,55.31174469,21.1552264,48.6863047,19.25544926,48.44890568
2023-11-06 09:00:00,19.81336975,43.11704254,20.2890625,41.88698687,2023-11-08 09:00:00,21.352602,40.29586029,19.99247742,40.32117844,18.82839394,45.12771988,18.93826103,40.65980911,18.7571406,41.98424563,19.13357925,38.10059368
2023-11-06 09:00:00,19.81336975,43.11704254,20.2890625,41.88698687,2023-11-08 08:00:00,21.14438629,40.10977632,19.99247742,40.86371613,18.82839394,45.12771988,18.8161869,40.12658612,18.7571406,41.98424563,18.19208336,39.09353483
2023-11-07 11:00:00,20.61993408,42.63961029,19.89301109,47.48263931,2023-11-09 10:00:00,20.22569275,44.06105042,19.81705666,43.4317131,19.36552048,42.8647647,19.37772751,49.32706833,20.1308442,38.55355578,20.83643594,42.24715846
2023-11-07 11:00:00,20.61993408,42.63961029,19.89301109,47.48263931,2023-11-09 09:00:00,19.95080566,43.79340363,20.35416603,41.89584019,19.36552048,42.8647647,19.28179591,48.05960012,20.1308442,38.55355578,19.90367369,43.70180346
2023-11-13 09:00:00,22.34519196,42.16218185,19.94907379,51.93865585,2023-11-15 08:00:00,22.47848914,44.27445221,20.42650414,47.74305344,18.80397987,61.77199712,18.76544408,62.81014252,18.47824798,57.32005621,19.5091141,55.39661423
2023-11-13 09:00:00,22.34519196,42.16218185,19.94907379,51.93865585,2023-11-15 09:00:00,21.86347237,43.91275787,19.88397026,51.53356552,18.80397987,61.77199712,18.87722397,62.46528625,18.47824798,57.32005621,18.48314112,61.27718907
2023-11-14 07:00:00,21.81351471,45.76461029,20.44639778,51.12847137,2023-11-16 08:00:00,22.45370483,44.58188629,20.22395706,51.93865585,18.6925869,60.82949448,18.80397987,64.00646973,20.61272896,49.65013021,18.28974342,69.77682392
2023-11-08 13:00:00,20.79506578,41.11328125,20.49160767,42.34664154,2023-11-10 10:00:00,21.73526099,43.88744354,20.22395706,45.3125,19.31669044,43.07314767,19.57304573,48.71669769,18.39960861,44.1267128,20.85639361,42.05823785
2023-11-08 12:00:00,20.9531434,41.49667358,20.42650414,41.39539719,2023-11-10 09:00:00,21.41564941,44.18764496,20.35959244,45.17505646,19.30448341,44.37086105,19.80498695,48.46672588,20.97038504,39.22352129,19.78389354,44.75971079
2023-11-14 07:00:00,21.81351471,45.76461029,20.44639778,51.12847137,2023-11-16 08:00:00,22.45370483,44.58188629,20.22395706,51.93865585,18.6925869,60.82949448,18.80397987,64.00646973,20.61272896,49.65013021,18.28974342,69.77682392
2023-11-20 08:00:00,22.98900604,38.60315323,20.0214119,45.99247742,2023-11-22 09:00:00,19.74552004,39.63035202,20.15885353,45.18228912,18.6559639,50.8682518,18.87722397,35.65172195,19.30515483,45.36604539,19.90143126,30.94223159
2023-11-20 08:00:00,22.98900604,38.60315323,20.0214119,45.99247742,2023-11-22 08:00:00,19.6706298,40.16926956,20.0214119,46.34535298,18.6559639,50.8682518,18.07000923,38.73104095,19.30515483,45.36604539,18.38105457,34.57781351
2023-11-21 08:00:00,22.12214747,42.60545592,20.15704536,51.25867844,2023-11-23 08:00:00,21.41564941,33.31524658,20.42650414,37.61574173,18.74141693,62.52672737,17.11783218,31.59879935,20.00769341,55.79489773,20.87923813,23.63088577
2023-11-21 08:00:00,22.12214747,42.60545592,20.15704536,51.25867844,2023-11-23 08:00:00,21.41564941,33.31524658,20.42650414,37.61574173,18.74141693,62.52672737,17.11783218,31.59879935,20.00769341,55.79489773,20.87923813,23.63088577
2023-11-15 12:00:00,22.23307037,45.23654556,20.40661049,50.98379517,2023-11-17 09:00:00,20.93582125,42.96513367,20.08651543,51.30208206,18.8161869,63.27402496,18.80397987,64.76332855,20.36615205,60.66472155,20.96581108,55.26291656
2023-11-15 13:00:00,22.09830461,43.48958206,20.5458622,50.38353389,2023-11-17 09:00:00,20.93582125,42.96513367,20.08651543,51.30208206,17.21549034,68.5752643,18.80397987,64.76332855,19.97214989,57.46800492,20.96581108,55.26291656
2023-11-27 07:00:00,22.02329254,40.28862762,19.74652672,41.68113327,2023-11-29 09:00:00,22.69965363,41.34838104,20.08651543,46.67245102,18.38740158,46.32404709,19.42655754,50.20905304,21.0100557,36.74801889,19.15942353,46.95159261
2023-11-27 07:00:00,22.02329254,40.28862762,19.74652672,41.68113327,2023-11-29 09:00:00,22.69965363,41.34838104,20.08651543,46.67245102,18.38740158,46.32404709,19.42655754,50.20905304,21.0100557,36.74801889,19.15942353,46.95159261
2023-11-28 07:00:00,22.0703125,39.76055908,19.60908508,41.68113327,2023-11-30 08:00:00,22.35056839,43.33827234,20.49160767,48.69791412,18.7795639,41.80730438,19.32889748,57.70439911,21.08676338,33.62529373,21.08676338,49.03340587
2023-11-28 07:00:00,22.0703125,39.76055908,19.60908508,41.68113327,2023-11-30 08:00:00,22.35056839,43.33827234,20.49160767,48.69791412,18.7795639,41.80730438,19.32889748,57.70439911,21.08676338,33.62529373,21.08676338,49.03340587
2023-11-22 12:00:00,20.31333636,38.292099,20.45106511,42.59259033,2023-11-24 08:00:00,22.00959535,33.86501694,20.02397057,35.91561053,18.86501694,37.16543961,18.21649742,35.96911621,20.92082486,31.53019001,21.02572632,28.74233246
2023-11-22 13:00:00,21.11080444,37.85445404,20.2890625,42.47685242,2023-11-24 09:00:00,22.31987762,33.82523346,19.68142319,36.53790283,17.52067566,39.95178223,18.43623161,35.52964783,19.07050847,33.74314357,18.94426345,32.53301127
2023-12-04 07:00:00,22.54405707,38.14380646,19.68142319,38.42592621,2023-12-06 08:00:00,22.15386446,39.21440887,19.88397026,39.9160881,18.68037987,43.46469574,18.82839394,41.80730438,20.0857563,37.32619306,20.24445343,36.25933532
2023-12-04 07:00:00,22.54405707,38.14380646,19.68142319,38.42592621,2023-12-06 08:00:00,22.15386446,39.21440887,19.88397026,39.9160881,18.68037987,43.46469574,18.82839394,41.80730438,20.0857563,37.32619306,20.24445343,36.25933532
2023-12-04 07:00:00,22.54405707,38.14380646,19.68142319,38.42592621,2023-12-06 08:00:00,22.15386446,39.21440887,19.88397026,39.9160881,18.68037987,43.46469574,18.82839394,41.80730438,20.0857563,37.32619306,20.24445343,36.25933532
2023-11-29 13:00:00,23.50621796,42.16218185,20.22395706,46.60738066,2023-12-01 10:00:00,22.0594635,45.54397964,20.35416603,51.44853536,19.37772751,56.23950958,18.93826103,62.19672394,20.57405281,49.59090979,19.93934921,59.69569329
2023-11-29 13:00:00,23.50621796,42.16218185,20.22395706,46.60738066,2023-12-01 10:00:00,22.0594635,45.54397964,20.35416603,51.44853536,19.37772751,56.23950958,18.93826103,62.19672394,20.57405281,49.59090979,19.93934921,59.69569329
2023-12-18 09:00:00,21.01779175,31.24308682,20.5567131,31.89753032,2023-12-20 08:00:00,21.84627787,32.96658989,20.56266456,33.01504517,17.67937279,29.77298051,18.1676693,34.21125031,20.8197546,23.9874417,19.2812073,29.77316634
2023-12-18 14:00:00,22.57667542,30.24811935,19.60908508,31.27170181,2023-12-20 10:00:00,22.20052338,32.77994537,20.62724304,32.5653098,18.50947571,27.93788848,18.82839394,34.38215256,18.91507979,24.85732651,19.42597109,31.37913132
2023-12-19 07:00:00,21.94371796,30.9823494,19.49696159,32.08911896,2023-12-21 10:00:00,22.17881775,33.84693146,20.75925827,33.82522964,19.24344635,28.93987964,18.10663223,35.60289383,20.39094162,24.68907409,18.47954271,32.35260594
2023-12-19 13:00:00,23.11559296,30.63150978,19.60908508,31.40914345,2023-12-21 09:00:00,21.8689949,33.79212993,19.53855515,36.54513931,19.35331345,29.59685135,18.93826103,33.86703377,19.07234069,27.3018589,18.837174,30.99149852
2024-01-16 11:00:00,22.4500885,41.76793671,20.83159637,39.60317615,2024-01-18 09:00:00,20.21122742,41.75347137,20.39937782,44.64699173,18.22870636,47.06629111,19.18240929,41.07486343,18.70435486,42.62385894,18.59072259,38.93902123
2024-01-17 09:00:00,21.80265808,45.13165283,20.01779556,50.99826431,2024-01-19 09:00:00,19.30531491,43.79701996,19.67418861,44.24551392,19.47538757,55.8732872,18.59492874,44.87934369,18.89228347,52.60098669,21.09897232,37.03084161
2024-01-20 08:00:00,21.40861396,37.06597137,19.80982399,39.21643522,2024-01-22 08:00:00,21.77354791,33.60821533,20.11331872,33.22279708,11.63518143,48.00866699,18.46298775,32.35572433,23.47991299,23.38354854,20.13080107,28.17354856
2024-01-20 08:00:00,21.40861396,37.06597137,19.80982399,39.21643522,2024-01-22 08:00:00,21.77354791,33.60821533,20.11331872,33.22279708,11.63518143,48.00866699,18.46298775,32.35572433,23.47991299,23.38354854,20.13080107,28.17354856
2024-01-20 08:00:00,21.40861396,37.06597137,19.80982399,39.21643522,2024-01-22 08:00:00,21.77354791,33.60821533,20.11331872,33.22279708,11.63518143,48.00866699,18.46298775,32.35572433,23.47991299,23.38354854,20.13080107,28.17354856
2024-01-22 08:00:00,21.77354791,33.60821533,20.11331872,33.22279708,2024-01-24 08:00:00,22.18243408,41.76432037,20.61221234,42.43530968,18.46298775,32.35572433,18.90163803,45.57411639,20.13080107,28.17354856,19.00217128,41.29901542
2024-01-22 11:00:00,22.85517883,33.604599,20.48799133,35.39014064,2024-01-24 09:00:00,20.34867096,42.32132721,20.53696104,42.40367436,18.71700096,33.13699722,19.06033516,44.56618118,19.03743266,34.1951991,18.30037083,43.05245972
2024-01-22 11:00:00,22.85517883,33.604599,20.48799133,35.39014064,2024-01-24 08:00:00,22.18243408,41.76432037,20.61221234,42.43530968,18.71700096,33.13699722,18.90163803,45.57411639,19.03743266,34.1951991,19.00217128,41.29901542
2024-01-23 07:00:00,22.08008023,36.93214417,19.74471855,37.29942305,2024-01-25 08:00:00,20.62716675,44.59273529,19.60908508,46.67245102,18.6559639,38.02585398,18.6559639,46.04488293,19.74131937,32.94359198,18.27753448,43.60528258
2024-01-23 07:00:00,22.08008023,36.93214417,19.74471855,37.29942305,2024-01-25 08:00:00,20.62716675,44.59273529,19.60908508,46.67245102,18.6559639,38.02585398,18.6559639,46.04488293,19.74131937,32.94359198,18.27753448,43.60528258
2024-01-27 07:00:00,17.71918488,45.33056129,19.74652672,45.06655121,2024-01-29 08:00:00,21.14438629,43.91275787,19.81163216,47.36689758,12.63771439,61.61553458,18.19208336,47.74010468,23.38175583,32.17810518,19.69685444,39.89406643
2024-01-27 07:00:00,17.71918488,45.33056129,19.74652672,45.06655121,2024-01-29 08:00:00,21.14438629,43.91275787,19.81163216,47.36689758,12.63771439,61.61553458,18.19208336,47.74010468,23.38175583,32.17810518,19.69685444,39.89406643
2024-01-29 12:00:00,22.32349396,43.24363327,19.74652672,48.03240585,2024-01-31 08:00:00,19.04658508,43.25086975,20.69415474,39.90161896,18.63154984,54.38835846,18.46064568,40.00061035,19.73309983,48.23836753,21.08676338,32.73844872
2024-01-29 11:00:00,21.93286896,43.34128952,19.69425082,45.55678739,2024-01-31 08:00:00,19.04658508,43.25086975,20.69415474,39.90161896,18.39960861,52.40638351,18.46064568,40.00061035,20.58599269,43.99062282,21.08676338,32.73844872
2024-02-03 07:00:00,19.42997742,42.96151733,20.89308357,39.71147074,2024-02-05 08:00:00,19.31061554,39.10228729,19.94907379,37.890625,12.17561301,60.73301103,18.68037987,36.59782909,22.567046,32.22452201,20.17169021,33.06577267
2024-02-03 07:00:00,19.42997742,42.96151733,20.89308357,39.71147074,2024-02-05 09:00:00,19.30338287,39.35908508,19.94907379,38.54233594,12.17561301,60.73301103,18.59492874,36.38416672,22.567046,32.22452201,21.12695589,29.99048496
2024-02-05 12:00:00,20.22569275,39.07696533,19.86046028,38.97569275,2024-02-07 10:00:00,19.29253387,44.33232117,19.74652672,43.34642145,19.06033516,36.99453735,18.9992981,47.39829636,18.85029596,35.32904199,21.11369892,39.1824853
2024-02-10 07:00:00,21.67245483,40.14872742,19.88035202,47.13623021,2024-02-12 10:00:00,19.30699921,37.75434113,19.73748589,41.68113327,11.86712265,81.82562164,18.35078049,40.31800461,22.51396234,43.77761636,18.44843864,36.8885641
2024-02-07 10:00:00,19.29253387,44.33232117,19.74652672,43.34642145,2024-02-09 09:00:00,19.98697662,40.02213287,20.01417732,42.8964119,18.9992981,47.39829636,19.04812813,48.10996704,21.11369892,39.1824853,18.28974342,43.53981294
2024-02-10 07:00:00,21.67245483,40.14872742,19.88035202,47.13623021,2024-02-12 11:00:00,19.31784821,37.86284637,20.01417732,49.47974839,11.86712265,81.82562164,18.5827198,40.25563486,22.51396234,43.77761636,20.27823146,34.56612121
2024-02-12 15:00:00,20.35590363,37.19371796,20.2890625,44.37210464,2024-02-14 12:00:00,20.4969635,38.89727783,20.14800262,45.96353912,19.10916519,40.83071518,18.86501694,46.83675766,20.19823124,36.40156546,18.86672719,43.24664288
2024-02-17 08:00:00,23.09751129,40.26808167,19.60908508,50.10347126,2024-02-19 08:00:00,22.70688629,39.73278046,19.74471855,48.03240585,12.48945739,81.08168164,18.32636452,55.50385162,20.76937364,47.22297093,21.17895941,44.79951958
2024-02-19 11:00:00,22.98900604,39.20833206,19.74471855,48.30367279,2024-02-21 07:00:00,18.65596008,36.70905685,19.74652672,40.33564758,18.57051277,53.74908685,18.3779067,38.48451615,20.15522125,45.87034005,20.96468925,31.60417062
2024-02-21 11:00:00,19.44444275,36.6620369,19.74652672,41.55092621,2024-02-23 07:00:00,19.921875,41.36400223,19.88397026,45.73205948,18.50947571,40.29358673,18.63154984,46.29962921,18.48072755,37.73304271,18.21649742,43.70108652
2024-03-02 07:00:00,19.82421875,36.79947662,19.74291039,39.93055344,2024-03-04 09:00:00,21.16321657,31.95645142,19.60908508,36.5137141,23.88818412,29.19516539,22.33267725,24.79623185,21.08340114,31.94593338,19.2707733,27.06866064
2024-03-02 07:00:00,19.82421875,36.79947662,19.74291039,39.93055344,2024-03-04 09:00:00,21.16321657,31.95645142,19.60908508,36.5137141,23.88818412,29.19516539,22.33267725,24.79623185,21.08340114,31.94593338,19.2707733,27.06866064
2024-03-04 13:00:00,20.48249054,29.93460655,20.08651543,33.82764542,2024-03-06 12:00:00,20.62455153,39.35300827,19.60908508,41.27603912,21.61989337,20.30066389,20.49270737,42.04414524,20.61072216,20.88806863,18.59948969,42.82337081
2024-03-09 08:00:00,20.78269196,40.69126129,19.62174416,41.95601654,2024-03-11 09:00:00,19.04658508,39.08535767,19.74652672,40.33203125,18.9784206,48.48906371,19.11664245,39.25870993,18.19148562,48.01561061,18.51888282,37.83502712
2024-03-09 08:00:00,20.78269196,40.69126129,19.62174416,41.95601654,2024-03-11 09:00:00,19.04658508,39.08535767,19.74652672,40.33203125,18.9784206,48.48906371,19.11664245,39.25870993,18.19148562,48.01561061,18.51888282,37.83502712
2024-03-11 13:00:00,20.49334717,38.01113892,20.15162086,39.78587723,2024-03-13 11:00:00,20.4969635,40.41999435,19.88397026,43.84042358,21.44819185,35.18639668,20.03454072,42.53614923,21.05514794,34.18760073,19.99973118,39.59291429
2024-03-12 07:00:00,21.02864838,38.41261292,19.81163216,42.8964119,2024-03-14 08:00:00,21.25650787,39.60257721,19.68142319,44.79166412,18.8327738,41.16256653,21.48704129,37.17933134,20.95248222,34.98409596,18.14826589,41.3190744
2024-03-12 07:00:00,21.02864838,38.41261292,19.81163216,42.8964119,2024-03-14 09:00:00,20.91651917,40.68764496,19.74652672,44.65784073,18.8327738,41.16256653,20.74510714,40.48417909,20.95248222,34.98409596,19.65849876,41.5521402
2024-03-16 09:00:00,21.29267883,43.11096573,19.60908508,52.22439194,2024-03-18 08:00:00,22.45732117,41.61357117,20.3559742,52.34375,19.0429968,56.71615887,20.33406483,54.09991342,19.759992,52.69988223,21.23328679,49.81536484
2024-03-18 13:00:00,21.40841675,41.46889496,19.94907379,51.67824173,2024-03-20 07:00:00,22.05222321,44.56496048,20.2221489,51.15378952,20.12763473,57.72011977,22.42957878,47.75904511,19.67069087,54.56548418,18.45120829,54.04263192
2024-03-16 09:00:00,21.29267883,43.11096573,19.60908508,52.22439194,2024-03-18 08:00:00,22.45732117,41.61357117,20.3559742,52.34375,19.0429968,56.71615887,20.33406483,54.09991342,19.759992,52.69988223,21.23328679,49.81536484
2024-03-23 09:00:00,22.06669617,42.0078125,20.08651543,51.80483246,2024-03-25 08:00:00,22.72858429,40.92997742,20.22395706,51.67462158,22.33643674,50.63797994,21.649652,47.95206856,20.24525655,54.09088854,21.12904549,46.82265652
2024-03-23 09:00:00,22.06669617,42.0078125,20.08651543,51.80483246,2024-03-25 09:00:00,22.71050262,42.00419617,20.22395706,51.80844879,22.33643674,50.63797994,20.56803085,51.62097001,20.24525655,54.09088854,18.54828196,54.24452577
2024-03-25 13:00:00,23.37239838,42.44184113,20.22395706,46.22374001,2024-03-27 09:00:00,19.44805908,37.1973381,19.74652672,44.69694986,19.26597729,59.20450179,18.94675323,37.79701122,19.92304977,55.78172405,18.33677564,36.8236351
2024-03-25 12:00:00,23.2421875,42.41290283,19.94907379,52.34375,2024-03-27 08:00:00,19.46252441,37.86646271,19.61993599,45.63801956,18.889431,61.06630784,19.86282509,36.26902857,18.90843129,56.35367763,18.77965532,35.83356536
